,symbol,date,price
0,AAPL,2022-01-31,173.77145385742188
1,AAPL,2022-02-01,173.6024627685547
2,AAPL,2022-02-02,174.8253631591797
3,AAPL,2022-02-03,171.90231323242188
4,AAPL,2022-02-04,171.61363220214844
5,AAPL,2022-02-07,170.8869171142578
6,AAPL,2022-02-08,174.0426483154297
7,AAPL,2022-02-09,175.48609924316406
8,AAPL,2022-02-10,171.34483337402344
9,AAPL,2022-02-11,167.88052368164062
10,AAPL,2022-02-14,168.11944580078125
11,AAPL,2022-02-15,172.01182556152344
12,AAPL,2022-02-16,171.77291870117188
13,AAPL,2022-02-17,168.11944580078125
14,AAPL,2022-02-18,166.5465545654297
15,AAPL,2022-02-22,163.57997131347656
16,AAPL,2022-02-23,159.34912109375
17,AAPL,2022-02-24,162.00709533691406
18,AAPL,2022-02-25,164.1075897216797
19,AAPL,2022-02-28,164.37637329101562
20,AAPL,2022-03-01,162.4650115966797
21,AAPL,2022-03-02,165.8098907470703
22,AAPL,2022-03-03,165.4813690185547
23,AAPL,2022-03-04,162.43515014648438
24,AAPL,2022-03-07,158.5825958251953
25,AAPL,2022-03-08,156.73095703125
26,AAPL,2022-03-09,162.2161407470703
27,AAPL,2022-03-10,157.8061065673828
28,AAPL,2022-03-11,154.0331573486328
29,AAPL,2022-03-14,149.94166564941406
30,AAPL,2022-03-15,154.3915252685547
31,AAPL,2022-03-16,158.8712615966797
32,AAPL,2022-03-17,159.89663696289062
33,AAPL,2022-03-18,163.24148559570312
34,AAPL,2022-03-21,164.6352081298828
35,AAPL,2022-03-22,168.05970764160156
36,AAPL,2022-03-23,169.44345092773438
37,AAPL,2022-03-24,173.28607177734375
38,AAPL,2022-03-25,173.93313598632812
39,AAPL,2022-03-28,174.80918884277344
40,AAPL,2022-03-29,178.15403747558594
41,AAPL,2022-03-30,176.9694061279297
42,AAPL,2022-03-31,173.82363891601562
43,AAPL,2022-04-01,173.5249786376953
44,AAPL,2022-04-04,177.63638305664062
45,AAPL,2022-04-05,174.2716064453125
46,AAPL,2022-04-06,171.05616760253906
47,AAPL,2022-04-07,171.36474609375
48,AAPL,2022-04-08,169.32398986816406
49,AAPL,2022-04-11,165.0035400390625
50,AAPL,2022-04-12,166.90493774414062
51,AAPL,2022-04-13,169.63258361816406
52,AAPL,2022-04-14,164.54559326171875
53,AAPL,2022-04-18,164.32659912109375
54,AAPL,2022-04-19,166.64608764648438
55,AAPL,2022-04-20,166.4768524169922
56,AAPL,2022-04-21,165.67050170898438
57,AAPL,2022-04-22,161.0613555908203
58,AAPL,2022-04-25,162.14645385742188
59,AAPL,2022-04-26,156.09384155273438
60,AAPL,2022-04-27,155.86488342285156
61,AAPL,2022-04-28,162.9030303955078
62,AAPL,2022-04-29,156.94000244140625
63,AAPL,2022-05-02,157.2486114501953
64,AAPL,2022-05-03,158.7617645263672
65,AAPL,2022-05-04,165.27232360839844
66,AAPL,2022-05-05,156.06398010253906
67,AAPL,2022-05-06,156.8017120361328
68,AAPL,2022-05-09,151.59759521484375
69,AAPL,2022-05-10,154.04013061523438
70,AAPL,2022-05-11,146.05450439453125
71,AAPL,2022-05-12,142.12648010253906
72,AAPL,2022-05-13,146.66265869140625
73,AAPL,2022-05-16,145.09742736816406
74,AAPL,2022-05-17,148.7861785888672
75,AAPL,2022-05-18,140.39178466796875
76,AAPL,2022-05-19,136.9323272705078
77,AAPL,2022-05-20,137.1715850830078
78,AAPL,2022-05-23,142.6748046875
79,AAPL,2022-05-24,139.93316650390625
80,AAPL,2022-05-25,140.0926971435547
81,AAPL,2022-05-26,143.34275817871094
82,AAPL,2022-05-27,149.18495178222656
83,AAPL,2022-05-31,148.38739013671875
84,AAPL,2022-06-01,148.25778198242188
85,AAPL,2022-06-02,150.75018310546875
86,AAPL,2022-06-03,144.9379119873047
87,AAPL,2022-06-06,145.6956024169922
88,AAPL,2022-06-07,148.25778198242188
89,AAPL,2022-06-08,147.51007080078125
90,AAPL,2022-06-09,142.20623779296875
91,AAPL,2022-06-10,136.71299743652344
92,AAPL,2022-06-13,131.4789581298828
93,AAPL,2022-06-14,132.3562774658203
94,AAPL,2022-06-15,135.01815795898438
95,AAPL,2022-06-16,129.66448974609375
96,AAPL,2022-06-17,131.15992736816406
97,AAPL,2022-06-21,135.4568328857422
98,AAPL,2022-06-22,134.93841552734375
99,AAPL,2022-06-23,137.8495330810547
100,AAPL,2022-06-24,141.22921752929688
101,AAPL,2022-06-27,141.22921752929688
102,AAPL,2022-06-28,137.02206420898438
103,AAPL,2022-06-29,138.80661010742188
104,AAPL,2022-06-30,136.3042449951172
105,AAPL,2022-07-01,138.50750732421875
106,AAPL,2022-07-05,141.1295166015625
107,AAPL,2022-07-06,142.4853973388672
108,AAPL,2022-07-07,145.90496826171875
109,AAPL,2022-07-08,146.5928497314453
110,AAPL,2022-07-11,144.429443359375
111,AAPL,2022-07-12,145.41644287109375
112,AAPL,2022-07-13,145.04757690429688
113,AAPL,2022-07-14,148.0185089111328
114,AAPL,2022-07-15,149.71334838867188
115,AAPL,2022-07-18,146.62277221679688
116,AAPL,2022-07-19,150.5408172607422
117,AAPL,2022-07-20,152.57461547851562
118,AAPL,2022-07-21,154.87759399414062
119,AAPL,2022-07-22,153.6214141845703
120,AAPL,2022-07-25,152.48489379882812
121,AAPL,2022-07-26,151.13900756835938
122,AAPL,2022-07-27,156.31320190429688
123,AAPL,2022-07-28,156.87152099609375
124,AAPL,2022-07-29,162.01580810546875
125,AAPL,2022-08-01,161.01885986328125
126,AAPL,2022-08-02,159.52340698242188
127,AAPL,2022-08-03,165.62481689453125
128,AAPL,2022-08-04,165.3057861328125
129,AAPL,2022-08-05,165.076171875
130,AAPL,2022-08-08,164.59695434570312
131,AAPL,2022-08-09,164.64686584472656
132,AAPL,2022-08-10,168.95973205566406
133,AAPL,2022-08-11,168.21096801757812
134,AAPL,2022-08-12,171.8149871826172
135,AAPL,2022-08-15,172.90318298339844
136,AAPL,2022-08-16,172.74343872070312
137,AAPL,2022-08-17,174.26092529296875
138,AAPL,2022-08-18,173.86158752441406
139,AAPL,2022-08-19,171.23594665527344
140,AAPL,2022-08-22,167.29249572753906
141,AAPL,2022-08-23,166.9530487060547
142,AAPL,2022-08-24,167.25254821777344
143,AAPL,2022-08-25,169.7484130859375
144,AAPL,2022-08-26,163.34901428222656
145,AAPL,2022-08-29,161.1127471923828
146,AAPL,2022-08-30,158.64683532714844
147,AAPL,2022-08-31,156.95962524414062
148,AAPL,2022-09-01,157.6984100341797
149,AAPL,2022-09-02,155.5519561767578
150,AAPL,2022-09-06,154.27407836914062
151,AAPL,2022-09-07,155.70172119140625
152,AAPL,2022-09-08,154.20420837402344
153,AAPL,2022-09-09,157.109375
154,AAPL,2022-09-12,163.15933227539062
155,AAPL,2022-09-13,153.58522033691406
156,AAPL,2022-09-14,155.0527801513672
157,AAPL,2022-09-15,152.11764526367188
158,AAPL,2022-09-16,150.45042419433594
159,AAPL,2022-09-19,154.22415161132812
160,AAPL,2022-09-20,156.64015197753906
161,AAPL,2022-09-21,153.46542358398438
162,AAPL,2022-09-22,152.48704528808594
163,AAPL,2022-09-23,150.1808624267578
164,AAPL,2022-09-26,150.5203094482422
165,AAPL,2022-09-27,151.5086669921875
166,AAPL,2022-09-28,149.5918426513672
167,AAPL,2022-09-29,142.24403381347656
168,AAPL,2022-09-30,137.9711151123047
169,AAPL,2022-10-03,142.21408081054688
170,AAPL,2022-10-04,145.85804748535156
171,AAPL,2022-10-05,146.15753173828125
172,AAPL,2022-10-06,145.18914794921875
173,AAPL,2022-10-07,139.8579864501953
174,AAPL,2022-10-10,140.18743896484375
175,AAPL,2022-10-11,138.7498321533203
176,AAPL,2022-10-12,138.1108856201172
177,AAPL,2022-10-13,142.75320434570312
178,AAPL,2022-10-14,138.1508331298828
179,AAPL,2022-10-17,142.17416381835938
180,AAPL,2022-10-18,143.51193237304688
181,AAPL,2022-10-19,143.6217498779297
182,AAPL,2022-10-20,143.15252685546875
183,AAPL,2022-10-21,147.02610778808594
184,AAPL,2022-10-24,149.20248413085938
185,AAPL,2022-10-25,152.08770751953125
186,AAPL,2022-10-26,149.1026611328125
187,AAPL,2022-10-27,144.56019592285156
188,AAPL,2022-10-28,155.48208618164062
189,AAPL,2022-10-31,153.08604431152344
190,AAPL,2022-11-01,150.40049743652344
191,AAPL,2022-11-02,144.78981018066406
192,AAPL,2022-11-03,138.65000915527344
193,AAPL,2022-11-04,138.3800048828125
194,AAPL,2022-11-07,138.9199981689453
195,AAPL,2022-11-08,139.5
196,AAPL,2022-11-09,134.8699951171875
197,AAPL,2022-11-10,146.8699951171875
198,AAPL,2022-11-11,149.6999969482422
199,AAPL,2022-11-14,148.27999877929688
200,AAPL,2022-11-15,150.0399932861328
201,AAPL,2022-11-16,148.7899932861328
202,AAPL,2022-11-17,150.72000122070312
203,AAPL,2022-11-18,151.2899932861328
0,MSFT,2022-01-31,308.0931396484375
1,MSFT,2022-02-01,305.89373779296875
2,MSFT,2022-02-02,310.55010986328125
3,MSFT,2022-02-03,298.45343017578125
4,MSFT,2022-02-04,303.09991455078125
5,MSFT,2022-02-07,298.1562194824219
6,MSFT,2022-02-08,301.73272705078125
7,MSFT,2022-02-09,308.32098388671875
8,MSFT,2022-02-10,299.5729675292969
9,MSFT,2022-02-11,292.3011169433594
10,MSFT,2022-02-14,292.261474609375
11,MSFT,2022-02-15,297.68072509765625
12,MSFT,2022-02-16,297.333251953125
13,MSFT,2022-02-17,288.626708984375
14,MSFT,2022-02-18,285.846923828125
15,MSFT,2022-02-22,285.638427734375
16,MSFT,2022-02-23,278.24237060546875
17,MSFT,2022-02-24,292.4587707519531
18,MSFT,2022-02-25,295.1590576171875
19,MSFT,2022-02-28,296.62835693359375
20,MSFT,2022-03-01,292.816162109375
21,MSFT,2022-03-02,298.0182189941406
22,MSFT,2022-03-03,293.7791442871094
23,MSFT,2022-03-04,287.7629699707031
24,MSFT,2022-03-07,276.8922119140625
25,MSFT,2022-03-08,273.85430908203125
26,MSFT,2022-03-09,286.41278076171875
27,MSFT,2022-03-10,283.5238342285156
28,MSFT,2022-03-11,278.0437927246094
29,MSFT,2022-03-14,274.4400634765625
30,MSFT,2022-03-15,285.07257080078125
31,MSFT,2022-03-16,292.26019287109375
32,MSFT,2022-03-17,293.0841979980469
33,MSFT,2022-03-18,298.2564697265625
34,MSFT,2022-03-21,296.99566650390625
35,MSFT,2022-03-22,301.8602294921875
36,MSFT,2022-03-23,297.32330322265625
37,MSFT,2022-03-24,301.89996337890625
38,MSFT,2022-03-25,301.4830017089844
39,MSFT,2022-03-28,308.45220947265625
40,MSFT,2022-03-29,313.1281433105469
41,MSFT,2022-03-30,311.5893249511719
42,MSFT,2022-03-31,306.0794677734375
43,MSFT,2022-04-01,307.18145751953125
44,MSFT,2022-04-04,312.6912841796875
45,MSFT,2022-04-05,308.6308898925781
46,MSFT,2022-04-06,297.333251953125
47,MSFT,2022-04-07,299.189697265625
48,MSFT,2022-04-08,294.8215026855469
49,MSFT,2022-04-11,283.19622802734375
50,MSFT,2022-04-12,280.0193786621094
51,MSFT,2022-04-13,285.5391540527344
52,MSFT,2022-04-14,277.8055114746094
53,MSFT,2022-04-18,278.49053955078125
54,MSFT,2022-04-19,283.2359313964844
55,MSFT,2022-04-20,284.28826904296875
56,MSFT,2022-04-21,278.7784423828125
57,MSFT,2022-04-22,272.0474853515625
58,MSFT,2022-04-25,278.6890563964844
59,MSFT,2022-04-26,268.2650451660156
60,MSFT,2022-04-27,281.1710205078125
61,MSFT,2022-04-28,287.5346374511719
62,MSFT,2022-04-29,275.51220703125
63,MSFT,2022-05-02,282.4119567871094
64,MSFT,2022-05-03,279.7414245605469
65,MSFT,2022-05-04,287.8821105957031
66,MSFT,2022-05-05,275.3434753417969
67,MSFT,2022-05-06,272.742431640625
68,MSFT,2022-05-09,262.66583251953125
69,MSFT,2022-05-10,267.5502624511719
70,MSFT,2022-05-11,258.6650085449219
71,MSFT,2022-05-12,253.50262451171875
72,MSFT,2022-05-13,259.23089599609375
73,MSFT,2022-05-16,259.608154296875
74,MSFT,2022-05-17,264.8896789550781
75,MSFT,2022-05-18,252.82933044433594
76,MSFT,2022-05-19,251.89393615722656
77,MSFT,2022-05-20,251.31680297851562
78,MSFT,2022-05-23,259.3669738769531
79,MSFT,2022-05-24,258.342041015625
80,MSFT,2022-05-25,261.2277526855469
81,MSFT,2022-05-26,264.59112548828125
82,MSFT,2022-05-27,271.8949890136719
83,MSFT,2022-05-31,270.5317687988281
84,MSFT,2022-06-01,271.07904052734375
85,MSFT,2022-06-02,273.2283935546875
86,MSFT,2022-06-03,268.69085693359375
87,MSFT,2022-06-06,267.4270935058594
88,MSFT,2022-06-07,271.1586608886719
89,MSFT,2022-06-08,269.0789489746094
90,MSFT,2022-06-09,263.4866027832031
91,MSFT,2022-06-10,251.74468994140625
92,MSFT,2022-06-13,241.06748962402344
93,MSFT,2022-06-14,243.28652954101562
94,MSFT,2022-06-15,250.52073669433594
95,MSFT,2022-06-16,243.76416015625
96,MSFT,2022-06-17,246.4309539794922
97,MSFT,2022-06-21,252.49099731445312
98,MSFT,2022-06-22,251.8839874267578
99,MSFT,2022-06-23,257.58575439453125
100,MSFT,2022-06-24,266.3822937011719
101,MSFT,2022-06-27,263.58612060546875
102,MSFT,2022-06-28,255.21751403808594
103,MSFT,2022-06-29,258.9788818359375
104,MSFT,2022-06-30,255.5657501220703
105,MSFT,2022-07-01,258.30224609375
106,MSFT,2022-07-05,261.55615234375
107,MSFT,2022-07-06,264.89959716796875
108,MSFT,2022-07-07,267.07879638671875
109,MSFT,2022-07-08,266.34246826171875
110,MSFT,2022-07-11,263.2079772949219
111,MSFT,2022-07-12,252.42132568359375
112,MSFT,2022-07-13,251.47601318359375
113,MSFT,2022-07-14,252.82933044433594
114,MSFT,2022-07-15,255.45632934570312
115,MSFT,2022-07-18,252.99847412109375
116,MSFT,2022-07-19,258.25250244140625
117,MSFT,2022-07-20,260.97900390625
118,MSFT,2022-07-21,263.5363464355469
119,MSFT,2022-07-22,259.078369140625
120,MSFT,2022-07-25,257.5559387207031
121,MSFT,2022-07-26,250.6600341796875
122,MSFT,2022-07-27,267.4171447753906
123,MSFT,2022-07-28,275.04937744140625
124,MSFT,2022-07-29,279.35809326171875
125,MSFT,2022-08-01,276.6415100097656
126,MSFT,2022-08-02,273.4672546386719
127,MSFT,2022-08-03,281.07958984375
128,MSFT,2022-08-04,282.2537536621094
129,MSFT,2022-08-05,281.51739501953125
130,MSFT,2022-08-08,278.9401550292969
131,MSFT,2022-08-09,280.910400390625
132,MSFT,2022-08-10,287.73663330078125
133,MSFT,2022-08-11,285.6071472167969
134,MSFT,2022-08-12,290.4731140136719
135,MSFT,2022-08-15,292.0254211425781
136,MSFT,2022-08-16,291.2691650390625
137,MSFT,2022-08-17,290.5013427734375
138,MSFT,2022-08-18,289.35455322265625
139,MSFT,2022-08-19,285.3458557128906
140,MSFT,2022-08-22,276.9694519042969
141,MSFT,2022-08-23,275.66314697265625
142,MSFT,2022-08-24,275.0149841308594
143,MSFT,2022-08-25,278.0663757324219
144,MSFT,2022-08-26,267.33660888671875
145,MSFT,2022-08-29,264.4846496582031
146,MSFT,2022-08-30,262.2309875488281
147,MSFT,2022-08-31,260.7351989746094
148,MSFT,2022-09-01,259.668212890625
149,MSFT,2022-09-02,255.3404083251953
150,MSFT,2022-09-06,252.53829956054688
151,MSFT,2022-09-07,257.3647155761719
152,MSFT,2022-09-08,257.7934875488281
153,MSFT,2022-09-09,263.716796875
154,MSFT,2022-09-12,265.900634765625
155,MSFT,2022-09-13,251.2818603515625
156,MSFT,2022-09-14,251.51119995117188
157,MSFT,2022-09-15,244.6904296875
158,MSFT,2022-09-16,244.05223083496094
159,MSFT,2022-09-19,243.8328399658203
160,MSFT,2022-09-20,241.76866149902344
161,MSFT,2022-09-21,238.2784881591797
162,MSFT,2022-09-22,240.3027801513672
163,MSFT,2022-09-23,237.2513885498047
164,MSFT,2022-09-26,236.78269958496094
165,MSFT,2022-09-27,235.74563598632812
166,MSFT,2022-09-28,240.39254760742188
167,MSFT,2022-09-29,236.8325653076172
168,MSFT,2022-09-30,232.2454833984375
169,MSFT,2022-10-03,240.06346130371094
170,MSFT,2022-10-04,248.1805877685547
171,MSFT,2022-10-05,248.4996795654297
172,MSFT,2022-10-06,246.09645080566406
173,MSFT,2022-10-07,233.5817413330078
174,MSFT,2022-10-10,228.6057586669922
175,MSFT,2022-10-11,224.77655029296875
176,MSFT,2022-10-12,225.11558532714844
177,MSFT,2022-10-13,233.5817413330078
178,MSFT,2022-10-14,227.91769409179688
179,MSFT,2022-10-17,236.86248779296875
180,MSFT,2022-10-18,237.8297576904297
181,MSFT,2022-10-19,235.8154296875
182,MSFT,2022-10-20,235.48635864257812
183,MSFT,2022-10-21,241.4395751953125
184,MSFT,2022-10-24,246.55517578125
185,MSFT,2022-10-25,249.95558166503906
186,MSFT,2022-10-26,230.66993713378906
187,MSFT,2022-10-27,226.11277770996094
188,MSFT,2022-10-28,235.20713806152344
189,MSFT,2022-10-31,231.4776611328125
190,MSFT,2022-11-01,227.52879333496094
191,MSFT,2022-11-02,219.48147583007812
192,MSFT,2022-11-03,213.6479034423828
193,MSFT,2022-11-04,220.76783752441406
194,MSFT,2022-11-07,227.22962951660156
195,MSFT,2022-11-08,228.22682189941406
196,MSFT,2022-11-09,223.8790740966797
197,MSFT,2022-11-10,242.2971649169922
198,MSFT,2022-11-11,246.41555786132812
199,MSFT,2022-11-14,240.87118530273438
200,MSFT,2022-11-15,241.29000854492188
201,MSFT,2022-11-16,241.72999572753906
202,MSFT,2022-11-17,241.67999267578125
203,MSFT,2022-11-18,241.22000122070312
0,AMZN,2022-01-31,149.57350158691406
1,AMZN,2022-02-01,151.19349670410156
2,AMZN,2022-02-02,150.6125030517578
3,AMZN,2022-02-03,138.8455047607422
4,AMZN,2022-02-04,157.63949584960938
5,AMZN,2022-02-07,157.9355010986328
6,AMZN,2022-02-08,161.4134979248047
7,AMZN,2022-02-09,161.1894989013672
8,AMZN,2022-02-10,159.0034942626953
9,AMZN,2022-02-11,153.2935028076172
10,AMZN,2022-02-14,155.16700744628906
11,AMZN,2022-02-15,156.510498046875
12,AMZN,2022-02-16,158.10049438476562
13,AMZN,2022-02-17,154.65249633789062
14,AMZN,2022-02-18,152.60150146484375
15,AMZN,2022-02-22,150.19749450683594
16,AMZN,2022-02-23,144.82699584960938
17,AMZN,2022-02-24,151.35800170898438
18,AMZN,2022-02-25,153.7884979248047
19,AMZN,2022-02-28,153.56300354003906
20,AMZN,2022-03-01,151.14199829101562
21,AMZN,2022-03-02,152.05250549316406
22,AMZN,2022-03-03,147.89849853515625
23,AMZN,2022-03-04,145.64100646972656
24,AMZN,2022-03-07,137.4530029296875
25,AMZN,2022-03-08,136.01449584960938
26,AMZN,2022-03-09,139.2790069580078
27,AMZN,2022-03-10,146.8175048828125
28,AMZN,2022-03-11,145.52450561523438
29,AMZN,2022-03-14,141.85299682617188
30,AMZN,2022-03-15,147.3665008544922
31,AMZN,2022-03-16,153.10400390625
32,AMZN,2022-03-17,157.23899841308594
33,AMZN,2022-03-18,161.25050354003906
34,AMZN,2022-03-21,161.4915008544922
35,AMZN,2022-03-22,164.88900756835938
36,AMZN,2022-03-23,163.4080047607422
37,AMZN,2022-03-24,163.64950561523438
38,AMZN,2022-03-25,164.77349853515625
39,AMZN,2022-03-28,168.99049377441406
40,AMZN,2022-03-29,169.31500244140625
41,AMZN,2022-03-30,166.30099487304688
42,AMZN,2022-03-31,162.99749755859375
43,AMZN,2022-04-01,163.55999755859375
44,AMZN,2022-04-04,168.34649658203125
45,AMZN,2022-04-05,164.05499267578125
46,AMZN,2022-04-06,158.75599670410156
47,AMZN,2022-04-07,157.7845001220703
48,AMZN,2022-04-08,154.4604949951172
49,AMZN,2022-04-11,151.1219940185547
50,AMZN,2022-04-12,150.78750610351562
51,AMZN,2022-04-13,155.54100036621094
52,AMZN,2022-04-14,151.7064971923828
53,AMZN,2022-04-18,152.78500366210938
54,AMZN,2022-04-19,158.11549377441406
55,AMZN,2022-04-20,153.9980010986328
56,AMZN,2022-04-21,148.29600524902344
57,AMZN,2022-04-22,144.35000610351562
58,AMZN,2022-04-25,146.07400512695312
59,AMZN,2022-04-26,139.39100646972656
60,AMZN,2022-04-27,138.16700744628906
61,AMZN,2022-04-28,144.59649658203125
62,AMZN,2022-04-29,124.28150177001953
63,AMZN,2022-05-02,124.5
64,AMZN,2022-05-03,124.25350189208984
65,AMZN,2022-05-04,125.92849731445312
66,AMZN,2022-05-05,116.40699768066406
67,AMZN,2022-05-06,114.77249908447266
68,AMZN,2022-05-09,108.78900146484375
69,AMZN,2022-05-10,108.85900115966797
70,AMZN,2022-05-11,105.37200164794922
71,AMZN,2022-05-12,106.93049621582031
72,AMZN,2022-05-13,113.05500030517578
73,AMZN,2022-05-16,110.81050109863281
74,AMZN,2022-05-17,115.36849975585938
75,AMZN,2022-05-18,107.11250305175781
76,AMZN,2022-05-19,107.31900024414062
77,AMZN,2022-05-20,107.59100341796875
78,AMZN,2022-05-23,107.55699920654297
79,AMZN,2022-05-24,104.0999984741211
80,AMZN,2022-05-25,106.7750015258789
81,AMZN,2022-05-26,111.07749938964844
82,AMZN,2022-05-27,115.14649963378906
83,AMZN,2022-05-31,120.20950317382812
84,AMZN,2022-06-01,121.68399810791016
85,AMZN,2022-06-02,125.51100158691406
86,AMZN,2022-06-03,122.3499984741211
87,AMZN,2022-06-06,124.79000091552734
88,AMZN,2022-06-07,123.0
89,AMZN,2022-06-08,121.18000030517578
90,AMZN,2022-06-09,116.1500015258789
91,AMZN,2022-06-10,109.6500015258789
92,AMZN,2022-06-13,103.66999816894531
93,AMZN,2022-06-14,102.30999755859375
94,AMZN,2022-06-15,107.66999816894531
95,AMZN,2022-06-16,103.66000366210938
96,AMZN,2022-06-17,106.22000122070312
97,AMZN,2022-06-21,108.68000030517578
98,AMZN,2022-06-22,108.94999694824219
99,AMZN,2022-06-23,112.44000244140625
100,AMZN,2022-06-24,116.45999908447266
101,AMZN,2022-06-27,113.22000122070312
102,AMZN,2022-06-28,107.4000015258789
103,AMZN,2022-06-29,108.91999816894531
104,AMZN,2022-06-30,106.20999908447266
105,AMZN,2022-07-01,109.55999755859375
106,AMZN,2022-07-05,113.5
107,AMZN,2022-07-06,114.33000183105469
108,AMZN,2022-07-07,116.33000183105469
109,AMZN,2022-07-08,115.54000091552734
110,AMZN,2022-07-11,111.75
111,AMZN,2022-07-12,109.22000122070312
112,AMZN,2022-07-13,110.4000015258789
113,AMZN,2022-07-14,110.62999725341797
114,AMZN,2022-07-15,113.55000305175781
115,AMZN,2022-07-18,113.76000213623047
116,AMZN,2022-07-19,118.20999908447266
117,AMZN,2022-07-20,122.7699966430664
118,AMZN,2022-07-21,124.62999725341797
119,AMZN,2022-07-22,122.41999816894531
120,AMZN,2022-07-25,121.13999938964844
121,AMZN,2022-07-26,114.80999755859375
122,AMZN,2022-07-27,120.97000122070312
123,AMZN,2022-07-28,122.27999877929688
124,AMZN,2022-07-29,134.9499969482422
125,AMZN,2022-08-01,135.38999938964844
126,AMZN,2022-08-02,134.16000366210938
127,AMZN,2022-08-03,139.52000427246094
128,AMZN,2022-08-04,142.57000732421875
129,AMZN,2022-08-05,140.8000030517578
130,AMZN,2022-08-08,139.41000366210938
131,AMZN,2022-08-09,137.8300018310547
132,AMZN,2022-08-10,142.69000244140625
133,AMZN,2022-08-11,140.63999938964844
134,AMZN,2022-08-12,143.5500030517578
135,AMZN,2022-08-15,143.17999267578125
136,AMZN,2022-08-16,144.77999877929688
137,AMZN,2022-08-17,142.10000610351562
138,AMZN,2022-08-18,142.3000030517578
139,AMZN,2022-08-19,138.22999572753906
140,AMZN,2022-08-22,133.22000122070312
141,AMZN,2022-08-23,133.6199951171875
142,AMZN,2022-08-24,133.8000030517578
143,AMZN,2022-08-25,137.27999877929688
144,AMZN,2022-08-26,130.75
145,AMZN,2022-08-29,129.7899932861328
146,AMZN,2022-08-30,128.72999572753906
147,AMZN,2022-08-31,126.7699966430664
148,AMZN,2022-09-01,127.81999969482422
149,AMZN,2022-09-02,127.51000213623047
150,AMZN,2022-09-06,126.11000061035156
151,AMZN,2022-09-07,129.47999572753906
152,AMZN,2022-09-08,129.82000732421875
153,AMZN,2022-09-09,133.27000427246094
154,AMZN,2022-09-12,136.4499969482422
155,AMZN,2022-09-13,126.81999969482422
156,AMZN,2022-09-14,128.5500030517578
157,AMZN,2022-09-15,126.27999877929688
158,AMZN,2022-09-16,123.52999877929688
159,AMZN,2022-09-19,124.66000366210938
160,AMZN,2022-09-20,122.19000244140625
161,AMZN,2022-09-21,118.54000091552734
162,AMZN,2022-09-22,117.30999755859375
163,AMZN,2022-09-23,113.77999877929688
164,AMZN,2022-09-26,115.1500015258789
165,AMZN,2022-09-27,114.41000366210938
166,AMZN,2022-09-28,118.01000213623047
167,AMZN,2022-09-29,114.80000305175781
168,AMZN,2022-09-30,113.0
169,AMZN,2022-10-03,115.87999725341797
170,AMZN,2022-10-04,121.08999633789062
171,AMZN,2022-10-05,120.94999694824219
172,AMZN,2022-10-06,120.30000305175781
173,AMZN,2022-10-07,114.55999755859375
174,AMZN,2022-10-10,113.66999816894531
175,AMZN,2022-10-11,112.20999908447266
176,AMZN,2022-10-12,112.9000015258789
177,AMZN,2022-10-13,112.52999877929688
178,AMZN,2022-10-14,106.9000015258789
179,AMZN,2022-10-17,113.79000091552734
180,AMZN,2022-10-18,116.36000061035156
181,AMZN,2022-10-19,115.06999969482422
182,AMZN,2022-10-20,115.25
183,AMZN,2022-10-21,119.31999969482422
184,AMZN,2022-10-24,119.81999969482422
185,AMZN,2022-10-25,120.5999984741211
186,AMZN,2022-10-26,115.66000366210938
187,AMZN,2022-10-27,110.95999908447266
188,AMZN,2022-10-28,103.41000366210938
189,AMZN,2022-10-31,102.44000244140625
190,AMZN,2022-11-01,96.79000091552734
191,AMZN,2022-11-02,92.12000274658203
192,AMZN,2022-11-03,89.30000305175781
193,AMZN,2022-11-04,90.9800033569336
194,AMZN,2022-11-07,90.52999877929688
195,AMZN,2022-11-08,89.9800033569336
196,AMZN,2022-11-09,86.13999938964844
197,AMZN,2022-11-10,96.62999725341797
198,AMZN,2022-11-11,100.79000091552734
199,AMZN,2022-11-14,98.48999786376953
200,AMZN,2022-11-15,98.94000244140625
201,AMZN,2022-11-16,97.12000274658203
202,AMZN,2022-11-17,94.8499984741211
203,AMZN,2022-11-18,94.13999938964844
0,META,2022-01-31,313.260009765625
1,META,2022-02-01,319.0
2,META,2022-02-02,323.0
3,META,2022-02-03,237.75999450683594
4,META,2022-02-04,237.08999633789062
5,META,2022-02-07,224.91000366210938
6,META,2022-02-08,220.17999267578125
7,META,2022-02-09,232.0
8,META,2022-02-10,228.07000732421875
9,META,2022-02-11,219.5500030517578
10,META,2022-02-14,217.6999969482422
11,META,2022-02-15,221.0
12,META,2022-02-16,216.5399932861328
13,META,2022-02-17,207.7100067138672
14,META,2022-02-18,206.16000366210938
15,META,2022-02-22,202.0800018310547
16,META,2022-02-23,198.4499969482422
17,META,2022-02-24,207.60000610351562
18,META,2022-02-25,210.47999572753906
19,META,2022-02-28,211.02999877929688
20,META,2022-03-01,203.49000549316406
21,META,2022-03-02,208.11000061035156
22,META,2022-03-03,202.97000122070312
23,META,2022-03-04,200.05999755859375
24,META,2022-03-07,187.47000122070312
25,META,2022-03-08,190.2899932861328
26,META,2022-03-09,198.5
27,META,2022-03-10,195.2100067138672
28,META,2022-03-11,187.61000061035156
29,META,2022-03-14,186.6300048828125
30,META,2022-03-15,192.02999877929688
31,META,2022-03-16,203.6300048828125
32,META,2022-03-17,207.83999633789062
33,META,2022-03-18,216.49000549316406
34,META,2022-03-21,211.49000549316406
35,META,2022-03-22,216.64999389648438
36,META,2022-03-23,213.4600067138672
37,META,2022-03-24,219.57000732421875
38,META,2022-03-25,221.82000732421875
39,META,2022-03-28,223.58999633789062
40,META,2022-03-29,229.86000061035156
41,META,2022-03-30,227.85000610351562
42,META,2022-03-31,222.36000061035156
43,META,2022-04-01,224.85000610351562
44,META,2022-04-04,233.88999938964844
45,META,2022-04-05,231.83999633789062
46,META,2022-04-06,223.3000030517578
47,META,2022-04-07,222.9499969482422
48,META,2022-04-08,222.3300018310547
49,META,2022-04-11,216.4600067138672
50,META,2022-04-12,214.13999938964844
51,META,2022-04-13,214.99000549316406
52,META,2022-04-14,210.17999267578125
53,META,2022-04-18,210.77000427246094
54,META,2022-04-19,217.30999755859375
55,META,2022-04-20,200.4199981689453
56,META,2022-04-21,188.07000732421875
57,META,2022-04-22,184.11000061035156
58,META,2022-04-25,186.99000549316406
59,META,2022-04-26,180.9499969482422
60,META,2022-04-27,174.9499969482422
61,META,2022-04-28,205.72999572753906
62,META,2022-04-29,200.47000122070312
63,META,2022-05-02,211.1300048828125
64,META,2022-05-03,212.02999877929688
65,META,2022-05-04,223.41000366210938
66,META,2022-05-05,208.27999877929688
67,META,2022-05-06,203.77000427246094
68,META,2022-05-09,196.2100067138672
69,META,2022-05-10,197.64999389648438
70,META,2022-05-11,188.74000549316406
71,META,2022-05-12,191.24000549316406
72,META,2022-05-13,198.6199951171875
73,META,2022-05-16,200.0399932861328
74,META,2022-05-17,202.6199951171875
75,META,2022-05-18,192.24000549316406
76,META,2022-05-19,191.2899932861328
77,META,2022-05-20,193.5399932861328
78,META,2022-05-23,196.22999572753906
79,META,2022-05-24,181.27999877929688
80,META,2022-05-25,183.8300018310547
81,META,2022-05-26,191.6300048828125
82,META,2022-05-27,195.1300048828125
83,META,2022-05-31,193.63999938964844
84,META,2022-06-01,188.63999938964844
85,META,2022-06-02,198.86000061035156
86,META,2022-06-03,190.77999877929688
87,META,2022-06-06,194.25
88,META,2022-06-07,195.64999389648438
89,META,2022-06-08,196.63999938964844
90,META,2022-06-09,184.0
91,META,2022-06-10,175.57000732421875
92,META,2022-06-13,164.25999450683594
93,META,2022-06-14,163.72999572753906
94,META,2022-06-15,169.35000610351562
95,META,2022-06-16,160.8699951171875
96,META,2022-06-17,163.74000549316406
97,META,2022-06-21,157.0500030517578
98,META,2022-06-22,155.85000610351562
99,META,2022-06-23,158.75
100,META,2022-06-24,170.16000366210938
101,META,2022-06-27,169.49000549316406
102,META,2022-06-28,160.67999267578125
103,META,2022-06-29,163.94000244140625
104,META,2022-06-30,161.25
105,META,2022-07-01,160.02999877929688
106,META,2022-07-05,168.19000244140625
107,META,2022-07-06,169.77000427246094
108,META,2022-07-07,172.19000244140625
109,META,2022-07-08,170.8800048828125
110,META,2022-07-11,162.8800048828125
111,META,2022-07-12,163.27000427246094
112,META,2022-07-13,163.49000549316406
113,META,2022-07-14,158.0500030517578
114,META,2022-07-15,164.6999969482422
115,META,2022-07-18,167.22999572753906
116,META,2022-07-19,175.77999877929688
117,META,2022-07-20,183.08999633789062
118,META,2022-07-21,183.1699981689453
119,META,2022-07-22,169.27000427246094
120,META,2022-07-25,166.64999389648438
121,META,2022-07-26,159.14999389648438
122,META,2022-07-27,169.5800018310547
123,META,2022-07-28,160.72000122070312
124,META,2022-07-29,159.10000610351562
125,META,2022-08-01,159.92999267578125
126,META,2022-08-02,160.19000244140625
127,META,2022-08-03,168.8000030517578
128,META,2022-08-04,170.57000732421875
129,META,2022-08-05,167.11000061035156
130,META,2022-08-08,170.25
131,META,2022-08-09,168.52999877929688
132,META,2022-08-10,178.33999633789062
133,META,2022-08-11,177.49000549316406
134,META,2022-08-12,180.5
135,META,2022-08-15,180.88999938964844
136,META,2022-08-16,179.47000122070312
137,META,2022-08-17,174.85000610351562
138,META,2022-08-18,174.66000366210938
139,META,2022-08-19,167.9600067138672
140,META,2022-08-22,163.0500030517578
141,META,2022-08-23,161.11000061035156
142,META,2022-08-24,163.25999450683594
143,META,2022-08-25,168.77999877929688
144,META,2022-08-26,161.77999877929688
145,META,2022-08-29,159.1699981689453
146,META,2022-08-30,157.16000366210938
147,META,2022-08-31,162.92999267578125
148,META,2022-09-01,165.36000061035156
149,META,2022-09-02,160.32000732421875
150,META,2022-09-06,158.5399932861328
151,META,2022-09-07,160.38999938964844
152,META,2022-09-08,162.05999755859375
153,META,2022-09-09,169.14999389648438
154,META,2022-09-12,168.9600067138672
155,META,2022-09-13,153.1300048828125
156,META,2022-09-14,151.47000122070312
157,META,2022-09-15,149.5500030517578
158,META,2022-09-16,146.2899932861328
159,META,2022-09-19,148.02000427246094
160,META,2022-09-20,146.08999633789062
161,META,2022-09-21,142.1199951171875
162,META,2022-09-22,142.82000732421875
163,META,2022-09-23,140.41000366210938
164,META,2022-09-26,136.3699951171875
165,META,2022-09-27,134.39999389648438
166,META,2022-09-28,141.61000061035156
167,META,2022-09-29,136.41000366210938
168,META,2022-09-30,135.67999267578125
169,META,2022-10-03,138.61000061035156
170,META,2022-10-04,140.27999877929688
171,META,2022-10-05,138.97999572753906
172,META,2022-10-06,139.07000732421875
173,META,2022-10-07,133.4499969482422
174,META,2022-10-10,133.7899932861328
175,META,2022-10-11,128.5399932861328
176,META,2022-10-12,127.5
177,META,2022-10-13,130.2899932861328
178,META,2022-10-14,126.76000213623047
179,META,2022-10-17,134.0399932861328
180,META,2022-10-18,132.8000030517578
181,META,2022-10-19,133.22999572753906
182,META,2022-10-20,131.52999877929688
183,META,2022-10-21,130.00999450683594
184,META,2022-10-24,129.72000122070312
185,META,2022-10-25,137.50999450683594
186,META,2022-10-26,129.82000732421875
187,META,2022-10-27,97.94000244140625
188,META,2022-10-28,99.19999694824219
189,META,2022-10-31,93.16000366210938
190,META,2022-11-01,95.19999694824219
191,META,2022-11-02,90.54000091552734
192,META,2022-11-03,88.91000366210938
193,META,2022-11-04,90.79000091552734
194,META,2022-11-07,96.72000122070312
195,META,2022-11-08,96.47000122070312
196,META,2022-11-09,101.47000122070312
197,META,2022-11-10,111.87000274658203
198,META,2022-11-11,113.0199966430664
199,META,2022-11-14,114.22000122070312
200,META,2022-11-15,117.08000183105469
201,META,2022-11-16,113.2300033569336
202,META,2022-11-17,111.44999694824219
203,META,2022-11-18,112.05000305175781
0,GOOGL,2022-01-31,135.30349731445312
1,GOOGL,2022-02-01,137.6439971923828
2,GOOGL,2022-02-02,148.0
3,GOOGL,2022-02-03,143.08999633789062
4,GOOGL,2022-02-04,143.29299926757812
5,GOOGL,2022-02-07,139.2010040283203
6,GOOGL,2022-02-08,139.3990020751953
7,GOOGL,2022-02-09,141.5919952392578
8,GOOGL,2022-02-10,138.6199951171875
9,GOOGL,2022-02-11,134.28250122070312
10,GOOGL,2022-02-14,135.5260009765625
11,GOOGL,2022-02-15,136.60850524902344
12,GOOGL,2022-02-16,137.73800659179688
13,GOOGL,2022-02-17,132.53900146484375
14,GOOGL,2022-02-18,130.4029998779297
15,GOOGL,2022-02-22,129.81350708007812
16,GOOGL,2022-02-23,127.58799743652344
17,GOOGL,2022-02-24,132.6909942626953
18,GOOGL,2022-02-25,134.45950317382812
19,GOOGL,2022-02-28,135.0570068359375
20,GOOGL,2022-03-01,134.06149291992188
21,GOOGL,2022-03-02,134.57150268554688
22,GOOGL,2022-03-03,133.89950561523438
23,GOOGL,2022-03-04,131.906494140625
24,GOOGL,2022-03-07,126.37850189208984
25,GOOGL,2022-03-08,127.10449981689453
26,GOOGL,2022-03-09,133.4199981689453
27,GOOGL,2022-03-10,132.42950439453125
28,GOOGL,2022-03-11,129.87049865722656
29,GOOGL,2022-03-14,125.95099639892578
30,GOOGL,2022-03-15,129.197998046875
31,GOOGL,2022-03-16,133.28050231933594
32,GOOGL,2022-03-17,133.83900451660156
33,GOOGL,2022-03-18,136.12550354003906
34,GOOGL,2022-03-21,136.10150146484375
35,GOOGL,2022-03-22,139.8679962158203
36,GOOGL,2022-03-23,138.27549743652344
37,GOOGL,2022-03-24,141.57200622558594
38,GOOGL,2022-03-25,141.67300415039062
39,GOOGL,2022-03-28,141.45550537109375
40,GOOGL,2022-03-29,142.5054931640625
41,GOOGL,2022-03-30,141.93850708007812
42,GOOGL,2022-03-31,139.0675048828125
43,GOOGL,2022-04-01,140.15049743652344
44,GOOGL,2022-04-04,142.97149658203125
45,GOOGL,2022-04-05,140.59100341796875
46,GOOGL,2022-04-06,136.54800415039062
47,GOOGL,2022-04-07,135.8885040283203
48,GOOGL,2022-04-08,133.28750610351562
49,GOOGL,2022-04-11,128.82350158691406
50,GOOGL,2022-04-12,127.7145004272461
51,GOOGL,2022-04-13,129.8939971923828
52,GOOGL,2022-04-14,126.7300033569336
53,GOOGL,2022-04-18,127.67649841308594
54,GOOGL,2022-04-19,130.00900268554688
55,GOOGL,2022-04-20,128.0399932861328
56,GOOGL,2022-04-21,124.81449890136719
57,GOOGL,2022-04-22,119.635498046875
58,GOOGL,2022-04-25,123.0739974975586
59,GOOGL,2022-04-26,118.6500015258789
60,GOOGL,2022-04-27,114.29450225830078
61,GOOGL,2022-04-28,118.52249908447266
62,GOOGL,2022-04-29,114.1094970703125
63,GOOGL,2022-05-02,116.58300018310547
64,GOOGL,2022-05-03,117.33399963378906
65,GOOGL,2022-05-04,122.26100158691406
66,GOOGL,2022-05-05,116.50550079345703
67,GOOGL,2022-05-06,115.74649810791016
68,GOOGL,2022-05-09,112.51100158691406
69,GOOGL,2022-05-10,114.3949966430664
70,GOOGL,2022-05-11,113.60250091552734
71,GOOGL,2022-05-12,112.84400177001953
72,GOOGL,2022-05-13,116.05049896240234
73,GOOGL,2022-05-16,114.44499969482422
74,GOOGL,2022-05-17,116.4729995727539
75,GOOGL,2022-05-18,111.89949798583984
76,GOOGL,2022-05-19,110.38400268554688
77,GOOGL,2022-05-20,108.90799713134766
78,GOOGL,2022-05-23,111.48799896240234
79,GOOGL,2022-05-24,105.97000122070312
80,GOOGL,2022-05-25,105.80500030517578
81,GOOGL,2022-05-26,107.7925033569336
82,GOOGL,2022-05-27,112.31649780273438
83,GOOGL,2022-05-31,113.76200103759766
84,GOOGL,2022-06-01,113.89199829101562
85,GOOGL,2022-06-02,117.62249755859375
86,GOOGL,2022-06-03,114.54100036621094
87,GOOGL,2022-06-06,116.82050323486328
88,GOOGL,2022-06-07,117.14949798583984
89,GOOGL,2022-06-08,117.19400024414062
90,GOOGL,2022-06-09,114.83550262451172
91,GOOGL,2022-06-10,111.1614990234375
92,GOOGL,2022-06-13,106.39250183105469
93,GOOGL,2022-06-14,106.71549987792969
94,GOOGL,2022-06-15,109.7645034790039
95,GOOGL,2022-06-16,106.03350067138672
96,GOOGL,2022-06-17,107.14350128173828
97,GOOGL,2022-06-21,111.54399871826172
98,GOOGL,2022-06-22,111.48750305175781
99,GOOGL,2022-06-23,112.24199676513672
100,GOOGL,2022-06-24,117.9749984741211
101,GOOGL,2022-06-27,115.83350372314453
102,GOOGL,2022-06-28,112.00749969482422
103,GOOGL,2022-06-29,111.70149993896484
104,GOOGL,2022-06-30,108.96299743652344
105,GOOGL,2022-07-01,108.73750305175781
106,GOOGL,2022-07-05,113.26300048828125
107,GOOGL,2022-07-06,114.5719985961914
108,GOOGL,2022-07-07,118.78299713134766
109,GOOGL,2022-07-08,119.35350036621094
110,GOOGL,2022-07-11,115.67649841308594
111,GOOGL,2022-07-12,114.02050018310547
112,GOOGL,2022-07-13,111.35350036621094
113,GOOGL,2022-07-14,110.36750030517578
114,GOOGL,2022-07-15,111.77749633789062
115,GOOGL,2022-07-18,109.02999877929688
116,GOOGL,2022-07-19,113.80999755859375
117,GOOGL,2022-07-20,113.9000015258789
118,GOOGL,2022-07-21,114.33999633789062
119,GOOGL,2022-07-22,107.9000015258789
120,GOOGL,2022-07-25,107.51000213623047
121,GOOGL,2022-07-26,105.0199966430664
122,GOOGL,2022-07-27,113.05999755859375
123,GOOGL,2022-07-28,114.22000122070312
124,GOOGL,2022-07-29,116.31999969482422
125,GOOGL,2022-08-01,114.86000061035156
126,GOOGL,2022-08-02,115.12999725341797
127,GOOGL,2022-08-03,118.08000183105469
128,GOOGL,2022-08-04,118.19000244140625
129,GOOGL,2022-08-05,117.47000122070312
130,GOOGL,2022-08-08,117.30000305175781
131,GOOGL,2022-08-09,116.62999725341797
132,GOOGL,2022-08-10,119.69999694824219
133,GOOGL,2022-08-11,118.83999633789062
134,GOOGL,2022-08-12,121.68000030517578
135,GOOGL,2022-08-15,122.08000183105469
136,GOOGL,2022-08-16,121.69999694824219
137,GOOGL,2022-08-17,119.55000305175781
138,GOOGL,2022-08-18,120.16999816894531
139,GOOGL,2022-08-19,117.20999908447266
140,GOOGL,2022-08-22,114.23999786376953
141,GOOGL,2022-08-23,113.86000061035156
142,GOOGL,2022-08-24,113.69000244140625
143,GOOGL,2022-08-25,116.6500015258789
144,GOOGL,2022-08-26,110.33999633789062
145,GOOGL,2022-08-29,109.41999816894531
146,GOOGL,2022-08-30,108.94000244140625
147,GOOGL,2022-08-31,108.22000122070312
148,GOOGL,2022-09-01,109.73999786376953
149,GOOGL,2022-09-02,107.8499984741211
150,GOOGL,2022-09-06,106.80999755859375
151,GOOGL,2022-09-07,109.44999694824219
152,GOOGL,2022-09-08,108.37999725341797
153,GOOGL,2022-09-09,110.6500015258789
154,GOOGL,2022-09-12,110.86000061035156
155,GOOGL,2022-09-13,104.31999969482422
156,GOOGL,2022-09-14,105.0
157,GOOGL,2022-09-15,102.91000366210938
158,GOOGL,2022-09-16,102.80000305175781
159,GOOGL,2022-09-19,103.06999969482422
160,GOOGL,2022-09-20,101.13999938964844
161,GOOGL,2022-09-21,99.27999877929688
162,GOOGL,2022-09-22,100.13999938964844
163,GOOGL,2022-09-23,98.73999786376953
164,GOOGL,2022-09-26,98.16999816894531
165,GOOGL,2022-09-27,97.5
166,GOOGL,2022-09-28,100.05000305175781
167,GOOGL,2022-09-29,97.41999816894531
168,GOOGL,2022-09-30,95.6500015258789
169,GOOGL,2022-10-03,98.63999938964844
170,GOOGL,2022-10-04,101.63999938964844
171,GOOGL,2022-10-05,101.43000030517578
172,GOOGL,2022-10-06,101.41999816894531
173,GOOGL,2022-10-07,98.68000030517578
174,GOOGL,2022-10-10,97.86000061035156
175,GOOGL,2022-10-11,97.18000030517578
176,GOOGL,2022-10-12,97.55999755859375
177,GOOGL,2022-10-13,99.05999755859375
178,GOOGL,2022-10-14,96.55999755859375
179,GOOGL,2022-10-17,99.97000122070312
180,GOOGL,2022-10-18,100.7699966430664
181,GOOGL,2022-10-19,99.62999725341797
182,GOOGL,2022-10-20,99.97000122070312
183,GOOGL,2022-10-21,101.12999725341797
184,GOOGL,2022-10-24,102.5199966430664
185,GOOGL,2022-10-25,104.4800033569336
186,GOOGL,2022-10-26,94.93000030517578
187,GOOGL,2022-10-27,92.22000122070312
188,GOOGL,2022-10-28,96.29000091552734
189,GOOGL,2022-10-31,94.51000213623047
190,GOOGL,2022-11-01,90.47000122070312
191,GOOGL,2022-11-02,86.97000122070312
192,GOOGL,2022-11-03,83.43000030517578
193,GOOGL,2022-11-04,86.58000183105469
194,GOOGL,2022-11-07,88.48999786376953
195,GOOGL,2022-11-08,88.9000015258789
196,GOOGL,2022-11-09,87.31999969482422
197,GOOGL,2022-11-10,93.94000244140625
198,GOOGL,2022-11-11,96.41000366210938
199,GOOGL,2022-11-14,95.69999694824219
200,GOOGL,2022-11-15,98.44000244140625
201,GOOGL,2022-11-16,98.8499984741211
202,GOOGL,2022-11-17,98.36000061035156
203,GOOGL,2022-11-18,97.43000030517578
0,GOOG,2022-01-31,135.69850158691406
1,GOOG,2022-02-01,137.8784942626953
2,GOOG,2022-02-02,148.0364990234375
3,GOOG,2022-02-03,142.65049743652344
4,GOOG,2022-02-04,143.01600646972656
5,GOOG,2022-02-07,138.93800354003906
6,GOOG,2022-02-08,139.21299743652344
7,GOOG,2022-02-09,141.4530029296875
8,GOOG,2022-02-10,138.6024932861328
9,GOOG,2022-02-11,134.1300048828125
10,GOOG,2022-02-14,135.3000030517578
11,GOOG,2022-02-15,136.42550659179688
12,GOOG,2022-02-16,137.4875030517578
13,GOOG,2022-02-17,132.30850219726562
14,GOOG,2022-02-18,130.46749877929688
15,GOOG,2022-02-22,129.40249633789062
16,GOOG,2022-02-23,127.58499908447266
17,GOOG,2022-02-24,132.67349243164062
18,GOOG,2022-02-25,134.51950073242188
19,GOOG,2022-02-28,134.89100646972656
20,GOOG,2022-03-01,134.16799926757812
21,GOOG,2022-03-02,134.75149536132812
22,GOOG,2022-03-03,134.30799865722656
23,GOOG,2022-03-04,132.1219940185547
24,GOOG,2022-03-07,126.4645004272461
25,GOOG,2022-03-08,127.27850341796875
26,GOOG,2022-03-09,133.86599731445312
27,GOOG,2022-03-10,132.6820068359375
28,GOOG,2022-03-11,130.47549438476562
29,GOOG,2022-03-14,126.74099731445312
30,GOOG,2022-03-15,129.66050720214844
31,GOOG,2022-03-16,133.6905059814453
32,GOOG,2022-03-17,134.60049438476562
33,GOOG,2022-03-18,136.80149841308594
34,GOOG,2022-03-21,136.47850036621094
35,GOOG,2022-03-22,140.27749633789062
36,GOOG,2022-03-23,138.5034942626953
37,GOOG,2022-03-24,141.31199645996094
38,GOOG,2022-03-25,141.52149963378906
39,GOOG,2022-03-28,141.9499969482422
40,GOOG,2022-03-29,143.25
41,GOOG,2022-03-30,142.64450073242188
42,GOOG,2022-03-31,139.64950561523438
43,GOOG,2022-04-01,140.6999969482422
44,GOOG,2022-04-04,143.6425018310547
45,GOOG,2022-04-05,141.06300354003906
46,GOOG,2022-04-06,137.17599487304688
47,GOOG,2022-04-07,136.46499633789062
48,GOOG,2022-04-08,134.010498046875
49,GOOG,2022-04-11,129.79649353027344
50,GOOG,2022-04-12,128.37449645996094
51,GOOG,2022-04-13,130.28599548339844
52,GOOG,2022-04-14,127.25299835205078
53,GOOG,2022-04-18,127.96099853515625
54,GOOG,2022-04-19,130.531005859375
55,GOOG,2022-04-20,128.24549865722656
56,GOOG,2022-04-21,124.9375
57,GOOG,2022-04-22,119.61399841308594
58,GOOG,2022-04-25,123.25
59,GOOG,2022-04-26,119.50599670410156
60,GOOG,2022-04-27,115.02050018310547
61,GOOG,2022-04-28,119.4114990234375
62,GOOG,2022-04-29,114.96649932861328
63,GOOG,2022-05-02,117.15699768066406
64,GOOG,2022-05-03,118.12950134277344
65,GOOG,2022-05-04,122.57499694824219
66,GOOG,2022-05-05,116.74649810791016
67,GOOG,2022-05-06,115.66000366210938
68,GOOG,2022-05-09,113.08399963378906
69,GOOG,2022-05-10,114.58450317382812
70,GOOG,2022-05-11,113.96099853515625
71,GOOG,2022-05-12,113.16100311279297
72,GOOG,2022-05-13,116.5155029296875
73,GOOG,2022-05-16,114.7925033569336
74,GOOG,2022-05-17,116.70149993896484
75,GOOG,2022-05-18,112.4010009765625
76,GOOG,2022-05-19,110.74549865722656
77,GOOG,2022-05-20,109.31300354003906
78,GOOG,2022-05-23,111.66649627685547
79,GOOG,2022-05-24,105.9260025024414
80,GOOG,2022-05-25,105.8395004272461
81,GOOG,2022-05-26,108.2959976196289
82,GOOG,2022-05-27,112.79900360107422
83,GOOG,2022-05-31,114.03900146484375
84,GOOG,2022-06-01,114.13700103759766
85,GOOG,2022-06-02,117.74600219726562
86,GOOG,2022-06-03,114.56400299072266
87,GOOG,2022-06-06,117.010498046875
88,GOOG,2022-06-07,117.22949981689453
89,GOOG,2022-06-08,117.23799896240234
90,GOOG,2022-06-09,114.91799926757812
91,GOOG,2022-06-10,111.42749786376953
92,GOOG,2022-06-13,106.87650299072266
93,GOOG,2022-06-14,107.19400024414062
94,GOOG,2022-06-15,110.3905029296875
95,GOOG,2022-06-16,106.63600158691406
96,GOOG,2022-06-17,107.8655014038086
97,GOOG,2022-06-21,112.01499938964844
98,GOOG,2022-06-22,112.03399658203125
99,GOOG,2022-06-23,112.68450164794922
100,GOOG,2022-06-24,118.53800201416016
101,GOOG,2022-06-27,116.62249755859375
102,GOOG,2022-06-28,112.57150268554688
103,GOOG,2022-06-29,112.25650024414062
104,GOOG,2022-06-30,109.37249755859375
105,GOOG,2022-07-01,109.08100128173828
106,GOOG,2022-07-05,113.88700103759766
107,GOOG,2022-07-06,115.2135009765625
108,GOOG,2022-07-07,119.30599975585938
109,GOOG,2022-07-08,120.16850280761719
110,GOOG,2022-07-11,116.52249908447266
111,GOOG,2022-07-12,114.84950256347656
112,GOOG,2022-07-13,112.18699645996094
113,GOOG,2022-07-14,111.44000244140625
114,GOOG,2022-07-15,112.76699829101562
115,GOOG,2022-07-18,109.91000366210938
116,GOOG,2022-07-19,114.62000274658203
117,GOOG,2022-07-20,114.69999694824219
118,GOOG,2022-07-21,115.04000091552734
119,GOOG,2022-07-22,108.36000061035156
120,GOOG,2022-07-25,108.20999908447266
121,GOOG,2022-07-26,105.44000244140625
122,GOOG,2022-07-27,113.5999984741211
123,GOOG,2022-07-28,114.58999633789062
124,GOOG,2022-07-29,116.63999938964844
125,GOOG,2022-08-01,115.4800033569336
126,GOOG,2022-08-02,115.9000015258789
127,GOOG,2022-08-03,118.77999877929688
128,GOOG,2022-08-04,118.87000274658203
129,GOOG,2022-08-05,118.22000122070312
130,GOOG,2022-08-08,118.13999938964844
131,GOOG,2022-08-09,117.5
132,GOOG,2022-08-10,120.6500015258789
133,GOOG,2022-08-11,119.81999969482422
134,GOOG,2022-08-12,122.6500015258789
135,GOOG,2022-08-15,122.87999725341797
136,GOOG,2022-08-16,122.51000213623047
137,GOOG,2022-08-17,120.31999969482422
138,GOOG,2022-08-18,120.86000061035156
139,GOOG,2022-08-19,118.12000274658203
140,GOOG,2022-08-22,115.06999969482422
141,GOOG,2022-08-23,114.7699966430664
142,GOOG,2022-08-24,114.69999694824219
143,GOOG,2022-08-25,117.69999694824219
144,GOOG,2022-08-26,111.30000305175781
145,GOOG,2022-08-29,110.33999633789062
146,GOOG,2022-08-30,109.91000366210938
147,GOOG,2022-08-31,109.1500015258789
148,GOOG,2022-09-01,110.55000305175781
149,GOOG,2022-09-02,108.68000030517578
150,GOOG,2022-09-06,107.4800033569336
151,GOOG,2022-09-07,110.4800033569336
152,GOOG,2022-09-08,109.41999816894531
153,GOOG,2022-09-09,111.77999877929688
154,GOOG,2022-09-12,111.87000274658203
155,GOOG,2022-09-13,105.30999755859375
156,GOOG,2022-09-14,105.87000274658203
157,GOOG,2022-09-15,103.9000015258789
158,GOOG,2022-09-16,103.62999725341797
159,GOOG,2022-09-19,103.8499984741211
160,GOOG,2022-09-20,101.83000183105469
161,GOOG,2022-09-21,100.01000213623047
162,GOOG,2022-09-22,100.56999969482422
163,GOOG,2022-09-23,99.16999816894531
164,GOOG,2022-09-26,98.80999755859375
165,GOOG,2022-09-27,98.08999633789062
166,GOOG,2022-09-28,100.73999786376953
167,GOOG,2022-09-29,98.08999633789062
168,GOOG,2022-09-30,96.1500015258789
169,GOOG,2022-10-03,99.30000305175781
170,GOOG,2022-10-04,102.41000366210938
171,GOOG,2022-10-05,102.22000122070312
172,GOOG,2022-10-06,102.23999786376953
173,GOOG,2022-10-07,99.56999969482422
174,GOOG,2022-10-10,98.70999908447266
175,GOOG,2022-10-11,98.05000305175781
176,GOOG,2022-10-12,98.30000305175781
177,GOOG,2022-10-13,99.70999908447266
178,GOOG,2022-10-14,97.18000030517578
179,GOOG,2022-10-17,100.77999877929688
180,GOOG,2022-10-18,101.38999938964844
181,GOOG,2022-10-19,100.29000091552734
182,GOOG,2022-10-20,100.52999877929688
183,GOOG,2022-10-21,101.4800033569336
184,GOOG,2022-10-24,102.97000122070312
185,GOOG,2022-10-25,104.93000030517578
186,GOOG,2022-10-26,94.81999969482422
187,GOOG,2022-10-27,92.5999984741211
188,GOOG,2022-10-28,96.58000183105469
189,GOOG,2022-10-31,94.66000366210938
190,GOOG,2022-11-01,90.5
191,GOOG,2022-11-02,87.06999969482422
192,GOOG,2022-11-03,83.48999786376953
193,GOOG,2022-11-04,86.69999694824219
194,GOOG,2022-11-07,88.6500015258789
195,GOOG,2022-11-08,88.91000366210938
196,GOOG,2022-11-09,87.4000015258789
197,GOOG,2022-11-10,94.16999816894531
198,GOOG,2022-11-11,96.7300033569336
199,GOOG,2022-11-14,96.02999877929688
200,GOOG,2022-11-15,98.72000122070312
201,GOOG,2022-11-16,98.98999786376953
202,GOOG,2022-11-17,98.5
203,GOOG,2022-11-18,97.80000305175781
0,BRK-B,2022-01-31,313.0199890136719
1,BRK-B,2022-02-01,313.9599914550781
2,BRK-B,2022-02-02,319.6000061035156
3,BRK-B,2022-02-03,315.2300109863281
4,BRK-B,2022-02-04,314.989990234375
5,BRK-B,2022-02-07,316.510009765625
6,BRK-B,2022-02-08,321.44000244140625
7,BRK-B,2022-02-09,322.3800048828125
8,BRK-B,2022-02-10,319.8500061035156
9,BRK-B,2022-02-11,319.1400146484375
10,BRK-B,2022-02-14,314.2799987792969
11,BRK-B,2022-02-15,316.20001220703125
12,BRK-B,2022-02-16,315.6499938964844
13,BRK-B,2022-02-17,313.54998779296875
14,BRK-B,2022-02-18,314.79998779296875
15,BRK-B,2022-02-22,314.1600036621094
16,BRK-B,2022-02-23,309.989990234375
17,BRK-B,2022-02-24,308.2799987792969
18,BRK-B,2022-02-25,319.239990234375
19,BRK-B,2022-02-28,321.45001220703125
20,BRK-B,2022-03-01,316.8399963378906
21,BRK-B,2022-03-02,323.6400146484375
22,BRK-B,2022-03-03,327.739990234375
23,BRK-B,2022-03-04,325.3399963378906
24,BRK-B,2022-03-07,322.7200012207031
25,BRK-B,2022-03-08,318.5199890136719
26,BRK-B,2022-03-09,325.3999938964844
27,BRK-B,2022-03-10,325.29998779296875
28,BRK-B,2022-03-11,326.6000061035156
29,BRK-B,2022-03-14,329.9800109863281
30,BRK-B,2022-03-15,332.54998779296875
31,BRK-B,2022-03-16,336.1099853515625
32,BRK-B,2022-03-17,344.9700012207031
33,BRK-B,2022-03-18,342.4100036621094
34,BRK-B,2022-03-21,349.6600036621094
35,BRK-B,2022-03-22,349.92999267578125
36,BRK-B,2022-03-23,348.1600036621094
37,BRK-B,2022-03-24,352.3699951171875
38,BRK-B,2022-03-25,358.760009765625
39,BRK-B,2022-03-28,359.57000732421875
40,BRK-B,2022-03-29,355.1199951171875
41,BRK-B,2022-03-30,357.6099853515625
42,BRK-B,2022-03-31,352.9100036621094
43,BRK-B,2022-04-01,351.8800048828125
44,BRK-B,2022-04-04,345.42999267578125
45,BRK-B,2022-04-05,344.79998779296875
46,BRK-B,2022-04-06,344.7099914550781
47,BRK-B,2022-04-07,346.510009765625
48,BRK-B,2022-04-08,353.1000061035156
49,BRK-B,2022-04-11,352.0199890136719
50,BRK-B,2022-04-12,349.739990234375
51,BRK-B,2022-04-13,346.2200012207031
52,BRK-B,2022-04-14,344.3299865722656
53,BRK-B,2022-04-18,346.6499938964844
54,BRK-B,2022-04-19,348.5
55,BRK-B,2022-04-20,348.82000732421875
56,BRK-B,2022-04-21,343.6000061035156
57,BRK-B,2022-04-22,335.55999755859375
58,BRK-B,2022-04-25,336.95001220703125
59,BRK-B,2022-04-26,330.6499938964844
60,BRK-B,2022-04-27,329.5799865722656
61,BRK-B,2022-04-28,331.2699890136719
62,BRK-B,2022-04-29,322.8299865722656
63,BRK-B,2022-05-02,318.19000244140625
64,BRK-B,2022-05-03,318.989990234375
65,BRK-B,2022-05-04,326.79998779296875
66,BRK-B,2022-05-05,318.67999267578125
67,BRK-B,2022-05-06,318.8800048828125
68,BRK-B,2022-05-09,312.9599914550781
69,BRK-B,2022-05-10,312.5299987792969
70,BRK-B,2022-05-11,311.5400085449219
71,BRK-B,2022-05-12,308.05999755859375
72,BRK-B,2022-05-13,310.3599853515625
73,BRK-B,2022-05-16,309.2900085449219
74,BRK-B,2022-05-17,314.6000061035156
75,BRK-B,2022-05-18,306.6400146484375
76,BRK-B,2022-05-19,304.1499938964844
77,BRK-B,2022-05-20,304.04998779296875
78,BRK-B,2022-05-23,310.20001220703125
79,BRK-B,2022-05-24,309.1700134277344
80,BRK-B,2022-05-25,308.6400146484375
81,BRK-B,2022-05-26,312.5
82,BRK-B,2022-05-27,319.1099853515625
83,BRK-B,2022-05-31,315.9800109863281
84,BRK-B,2022-06-01,312.2099914550781
85,BRK-B,2022-06-02,314.95001220703125
86,BRK-B,2022-06-03,310.94000244140625
87,BRK-B,2022-06-06,312.1499938964844
88,BRK-B,2022-06-07,313.6499938964844
89,BRK-B,2022-06-08,308.739990234375
90,BRK-B,2022-06-09,300.79998779296875
91,BRK-B,2022-06-10,291.7099914550781
92,BRK-B,2022-06-13,281.55999755859375
93,BRK-B,2022-06-14,277.6400146484375
94,BRK-B,2022-06-15,278.92999267578125
95,BRK-B,2022-06-16,268.55999755859375
96,BRK-B,2022-06-17,268.0799865722656
97,BRK-B,2022-06-21,271.7699890136719
98,BRK-B,2022-06-22,269.7900085449219
99,BRK-B,2022-06-23,267.5199890136719
100,BRK-B,2022-06-24,278.2799987792969
101,BRK-B,2022-06-27,278.3999938964844
102,BRK-B,2022-06-28,273.8599853515625
103,BRK-B,2022-06-29,273.489990234375
104,BRK-B,2022-06-30,273.0199890136719
105,BRK-B,2022-07-01,277.5
106,BRK-B,2022-07-05,275.69000244140625
107,BRK-B,2022-07-06,275.6499938964844
108,BRK-B,2022-07-07,279.2799987792969
109,BRK-B,2022-07-08,280.8299865722656
110,BRK-B,2022-07-11,278.510009765625
111,BRK-B,2022-07-12,277.2799987792969
112,BRK-B,2022-07-13,277.4700012207031
113,BRK-B,2022-07-14,274.4100036621094
114,BRK-B,2022-07-15,278.4800109863281
115,BRK-B,2022-07-18,276.260009765625
116,BRK-B,2022-07-19,283.54998779296875
117,BRK-B,2022-07-20,286.0400085449219
118,BRK-B,2022-07-21,286.8500061035156
119,BRK-B,2022-07-22,285.92999267578125
120,BRK-B,2022-07-25,287.989990234375
121,BRK-B,2022-07-26,285.30999755859375
122,BRK-B,2022-07-27,290.29998779296875
123,BRK-B,2022-07-28,293.8999938964844
124,BRK-B,2022-07-29,300.6000061035156
125,BRK-B,2022-08-01,295.8599853515625
126,BRK-B,2022-08-02,292.1700134277344
127,BRK-B,2022-08-03,294.9599914550781
128,BRK-B,2022-08-04,292.9100036621094
129,BRK-B,2022-08-05,292.07000732421875
130,BRK-B,2022-08-08,292.3399963378906
131,BRK-B,2022-08-09,292.7699890136719
132,BRK-B,2022-08-10,295.1099853515625
133,BRK-B,2022-08-11,296.4700012207031
134,BRK-B,2022-08-12,301.54998779296875
135,BRK-B,2022-08-15,302.82000732421875
136,BRK-B,2022-08-16,306.6499938964844
137,BRK-B,2022-08-17,304.260009765625
138,BRK-B,2022-08-18,304.2699890136719
139,BRK-B,2022-08-19,297.2799987792969
140,BRK-B,2022-08-22,288.69000244140625
141,BRK-B,2022-08-23,289.6499938964844
142,BRK-B,2022-08-24,293.5199890136719
143,BRK-B,2022-08-25,298.1300048828125
144,BRK-B,2022-08-26,289.9599914550781
145,BRK-B,2022-08-29,287.45001220703125
146,BRK-B,2022-08-30,285.4200134277344
147,BRK-B,2022-08-31,280.79998779296875
148,BRK-B,2022-09-01,282.42999267578125
149,BRK-B,2022-09-02,277.6700134277344
150,BRK-B,2022-09-06,276.5899963378906
151,BRK-B,2022-09-07,281.0400085449219
152,BRK-B,2022-09-08,283.3399963378906
153,BRK-B,2022-09-09,285.7699890136719
154,BRK-B,2022-09-12,288.510009765625
155,BRK-B,2022-09-13,278.2900085449219
156,BRK-B,2022-09-14,278.4200134277344
157,BRK-B,2022-09-15,276.70001220703125
158,BRK-B,2022-09-16,274.80999755859375
159,BRK-B,2022-09-19,278.95001220703125
160,BRK-B,2022-09-20,277.1300048828125
161,BRK-B,2022-09-21,270.739990234375
162,BRK-B,2022-09-22,268.510009765625
163,BRK-B,2022-09-23,267.7699890136719
164,BRK-B,2022-09-26,264.32000732421875
165,BRK-B,2022-09-27,265.4700012207031
166,BRK-B,2022-09-28,271.7799987792969
167,BRK-B,2022-09-29,269.5799865722656
168,BRK-B,2022-09-30,267.0199890136719
169,BRK-B,2022-10-03,272.79998779296875
170,BRK-B,2022-10-04,280.489990234375
171,BRK-B,2022-10-05,279.3599853515625
172,BRK-B,2022-10-06,276.30999755859375
173,BRK-B,2022-10-07,269.0400085449219
174,BRK-B,2022-10-10,266.92999267578125
175,BRK-B,2022-10-11,267.30999755859375
176,BRK-B,2022-10-12,264.0
177,BRK-B,2022-10-13,275.7799987792969
178,BRK-B,2022-10-14,272.6700134277344
179,BRK-B,2022-10-17,277.0199890136719
180,BRK-B,2022-10-18,281.6700134277344
181,BRK-B,2022-10-19,278.3399963378906
182,BRK-B,2022-10-20,273.5299987792969
183,BRK-B,2022-10-21,282.510009765625
184,BRK-B,2022-10-24,287.4800109863281
185,BRK-B,2022-10-25,289.239990234375
186,BRK-B,2022-10-26,288.5199890136719
187,BRK-B,2022-10-27,289.8800048828125
188,BRK-B,2022-10-28,299.6300048828125
189,BRK-B,2022-10-31,295.0899963378906
190,BRK-B,2022-11-01,294.1300048828125
191,BRK-B,2022-11-02,289.4599914550781
192,BRK-B,2022-11-03,283.8500061035156
193,BRK-B,2022-11-04,287.4700012207031
194,BRK-B,2022-11-07,290.19000244140625
195,BRK-B,2022-11-08,292.6099853515625
196,BRK-B,2022-11-09,288.6499938964844
197,BRK-B,2022-11-10,303.20001220703125
198,BRK-B,2022-11-11,309.7200012207031
199,BRK-B,2022-11-14,308.9100036621094
200,BRK-B,2022-11-15,309.9800109863281
201,BRK-B,2022-11-16,308.760009765625
202,BRK-B,2022-11-17,307.44000244140625
203,BRK-B,2022-11-18,310.760009765625
0,TSLA,2022-01-31,312.239990234375
1,TSLA,2022-02-01,310.4166564941406
2,TSLA,2022-02-02,301.88665771484375
3,TSLA,2022-02-03,297.0466613769531
4,TSLA,2022-02-04,307.7733459472656
5,TSLA,2022-02-07,302.4466552734375
6,TSLA,2022-02-08,307.3333435058594
7,TSLA,2022-02-09,310.6666564941406
8,TSLA,2022-02-10,301.51666259765625
9,TSLA,2022-02-11,286.6666564941406
10,TSLA,2022-02-14,291.9200134277344
11,TSLA,2022-02-15,307.4766540527344
12,TSLA,2022-02-16,307.7966613769531
13,TSLA,2022-02-17,292.1166687011719
14,TSLA,2022-02-18,285.6600036621094
15,TSLA,2022-02-22,273.84332275390625
16,TSLA,2022-02-23,254.67999267578125
17,TSLA,2022-02-24,266.92333984375
18,TSLA,2022-02-25,269.9566650390625
19,TSLA,2022-02-28,290.1433410644531
20,TSLA,2022-03-01,288.1233215332031
21,TSLA,2022-03-02,293.2966613769531
22,TSLA,2022-03-03,279.7633361816406
23,TSLA,2022-03-04,279.42999267578125
24,TSLA,2022-03-07,268.1933288574219
25,TSLA,2022-03-08,274.79998779296875
26,TSLA,2022-03-09,286.3233337402344
27,TSLA,2022-03-10,279.4333190917969
28,TSLA,2022-03-11,265.1166687011719
29,TSLA,2022-03-14,255.4566650390625
30,TSLA,2022-03-15,267.2966613769531
31,TSLA,2022-03-16,280.07666015625
32,TSLA,2022-03-17,290.5333251953125
33,TSLA,2022-03-18,301.7966613769531
34,TSLA,2022-03-21,307.0533447265625
35,TSLA,2022-03-22,331.32666015625
36,TSLA,2022-03-23,333.03668212890625
37,TSLA,2022-03-24,337.97332763671875
38,TSLA,2022-03-25,336.8800048828125
39,TSLA,2022-03-28,363.9466552734375
40,TSLA,2022-03-29,366.5233459472656
41,TSLA,2022-03-30,364.663330078125
42,TSLA,2022-03-31,359.20001220703125
43,TSLA,2022-04-01,361.5299987792969
44,TSLA,2022-04-04,381.8166809082031
45,TSLA,2022-04-05,363.7533264160156
46,TSLA,2022-04-06,348.586669921875
47,TSLA,2022-04-07,352.4200134277344
48,TSLA,2022-04-08,341.8299865722656
49,TSLA,2022-04-11,325.30999755859375
50,TSLA,2022-04-12,328.98333740234375
51,TSLA,2022-04-13,340.7900085449219
52,TSLA,2022-04-14,328.3333435058594
53,TSLA,2022-04-18,334.7633361816406
54,TSLA,2022-04-19,342.7166748046875
55,TSLA,2022-04-20,325.73333740234375
56,TSLA,2022-04-21,336.260009765625
57,TSLA,2022-04-22,335.01666259765625
58,TSLA,2022-04-25,332.67333984375
59,TSLA,2022-04-26,292.1400146484375
60,TSLA,2022-04-27,293.836669921875
61,TSLA,2022-04-28,292.5033264160156
62,TSLA,2022-04-29,290.2533264160156
63,TSLA,2022-05-02,300.9800109863281
64,TSLA,2022-05-03,303.0833435058594
65,TSLA,2022-05-04,317.5400085449219
66,TSLA,2022-05-05,291.09332275390625
67,TSLA,2022-05-06,288.54998779296875
68,TSLA,2022-05-09,262.3699951171875
69,TSLA,2022-05-10,266.67999267578125
70,TSLA,2022-05-11,244.6666717529297
71,TSLA,2022-05-12,242.6666717529297
72,TSLA,2022-05-13,256.5299987792969
73,TSLA,2022-05-16,241.4566650390625
74,TSLA,2022-05-17,253.8699951171875
75,TSLA,2022-05-18,236.60333251953125
76,TSLA,2022-05-19,236.47332763671875
77,TSLA,2022-05-20,221.3000030517578
78,TSLA,2022-05-23,224.96665954589844
79,TSLA,2022-05-24,209.3866729736328
80,TSLA,2022-05-25,219.60000610351562
81,TSLA,2022-05-26,235.91000366210938
82,TSLA,2022-05-27,253.2100067138672
83,TSLA,2022-05-31,252.75332641601562
84,TSLA,2022-06-01,246.7899932861328
85,TSLA,2022-06-02,258.3333435058594
86,TSLA,2022-06-03,234.51666259765625
87,TSLA,2022-06-06,238.27999877929688
88,TSLA,2022-06-07,238.8866729736328
89,TSLA,2022-06-08,241.86666870117188
90,TSLA,2022-06-09,239.7066650390625
91,TSLA,2022-06-10,232.22999572753906
92,TSLA,2022-06-13,215.73666381835938
93,TSLA,2022-06-14,220.88999938964844
94,TSLA,2022-06-15,233.0
95,TSLA,2022-06-16,213.10000610351562
96,TSLA,2022-06-17,216.75999450683594
97,TSLA,2022-06-21,237.0366668701172
98,TSLA,2022-06-22,236.086669921875
99,TSLA,2022-06-23,235.07000732421875
100,TSLA,2022-06-24,245.7066650390625
101,TSLA,2022-06-27,244.9199981689453
102,TSLA,2022-06-28,232.663330078125
103,TSLA,2022-06-29,228.49000549316406
104,TSLA,2022-06-30,224.47332763671875
105,TSLA,2022-07-01,227.26333618164062
106,TSLA,2022-07-05,233.06666564941406
107,TSLA,2022-07-06,231.73333740234375
108,TSLA,2022-07-07,244.5433349609375
109,TSLA,2022-07-08,250.76333618164062
110,TSLA,2022-07-11,234.3433380126953
111,TSLA,2022-07-12,233.07000732421875
112,TSLA,2022-07-13,237.0399932861328
113,TSLA,2022-07-14,238.31333923339844
114,TSLA,2022-07-15,240.06666564941406
115,TSLA,2022-07-18,240.54666137695312
116,TSLA,2022-07-19,245.52999877929688
117,TSLA,2022-07-20,247.5
118,TSLA,2022-07-21,271.7066650390625
119,TSLA,2022-07-22,272.24334716796875
120,TSLA,2022-07-25,268.4333190917969
121,TSLA,2022-07-26,258.8599853515625
122,TSLA,2022-07-27,274.82000732421875
123,TSLA,2022-07-28,280.8999938964844
124,TSLA,2022-07-29,297.1499938964844
125,TSLA,2022-08-01,297.27667236328125
126,TSLA,2022-08-02,300.586669921875
127,TSLA,2022-08-03,307.39666748046875
128,TSLA,2022-08-04,308.6333312988281
129,TSLA,2022-08-05,288.1700134277344
130,TSLA,2022-08-08,290.42333984375
131,TSLA,2022-08-09,283.3333435058594
132,TSLA,2022-08-10,294.3566589355469
133,TSLA,2022-08-11,286.6300048828125
134,TSLA,2022-08-12,300.0299987792969
135,TSLA,2022-08-15,309.32000732421875
136,TSLA,2022-08-16,306.5633239746094
137,TSLA,2022-08-17,303.9966735839844
138,TSLA,2022-08-18,302.8699951171875
139,TSLA,2022-08-19,296.6666564941406
140,TSLA,2022-08-22,289.913330078125
141,TSLA,2022-08-23,296.4533386230469
142,TSLA,2022-08-24,297.0966796875
143,TSLA,2022-08-25,296.07000732421875
144,TSLA,2022-08-26,288.0899963378906
145,TSLA,2022-08-29,284.82000732421875
146,TSLA,2022-08-30,277.70001220703125
147,TSLA,2022-08-31,275.6099853515625
148,TSLA,2022-09-01,277.1600036621094
149,TSLA,2022-09-02,270.2099914550781
150,TSLA,2022-09-06,274.4200134277344
151,TSLA,2022-09-07,283.70001220703125
152,TSLA,2022-09-08,289.260009765625
153,TSLA,2022-09-09,299.67999267578125
154,TSLA,2022-09-12,304.4200134277344
155,TSLA,2022-09-13,292.1300048828125
156,TSLA,2022-09-14,302.6099853515625
157,TSLA,2022-09-15,303.75
158,TSLA,2022-09-16,303.3500061035156
159,TSLA,2022-09-19,309.07000732421875
160,TSLA,2022-09-20,308.7300109863281
161,TSLA,2022-09-21,300.79998779296875
162,TSLA,2022-09-22,288.5899963378906
163,TSLA,2022-09-23,275.3299865722656
164,TSLA,2022-09-26,276.010009765625
165,TSLA,2022-09-27,282.94000244140625
166,TSLA,2022-09-28,287.80999755859375
167,TSLA,2022-09-29,268.2099914550781
168,TSLA,2022-09-30,265.25
169,TSLA,2022-10-03,242.39999389648438
170,TSLA,2022-10-04,249.44000244140625
171,TSLA,2022-10-05,240.80999755859375
172,TSLA,2022-10-06,238.1300048828125
173,TSLA,2022-10-07,223.07000732421875
174,TSLA,2022-10-10,222.9600067138672
175,TSLA,2022-10-11,216.5
176,TSLA,2022-10-12,217.24000549316406
177,TSLA,2022-10-13,221.72000122070312
178,TSLA,2022-10-14,204.99000549316406
179,TSLA,2022-10-17,219.35000610351562
180,TSLA,2022-10-18,220.19000244140625
181,TSLA,2022-10-19,222.0399932861328
182,TSLA,2022-10-20,207.27999877929688
183,TSLA,2022-10-21,214.44000244140625
184,TSLA,2022-10-24,211.25
185,TSLA,2022-10-25,222.4199981689453
186,TSLA,2022-10-26,224.63999938964844
187,TSLA,2022-10-27,225.08999633789062
188,TSLA,2022-10-28,228.52000427246094
189,TSLA,2022-10-31,227.5399932861328
190,TSLA,2022-11-01,227.82000732421875
191,TSLA,2022-11-02,214.97999572753906
192,TSLA,2022-11-03,215.30999755859375
193,TSLA,2022-11-04,207.47000122070312
194,TSLA,2022-11-07,197.0800018310547
195,TSLA,2022-11-08,191.3000030517578
196,TSLA,2022-11-09,177.58999633789062
197,TSLA,2022-11-10,190.72000122070312
198,TSLA,2022-11-11,195.97000122070312
199,TSLA,2022-11-14,190.9499969482422
200,TSLA,2022-11-15,194.4199981689453
201,TSLA,2022-11-16,186.9199981689453
202,TSLA,2022-11-17,183.1699981689453
203,TSLA,2022-11-18,180.19000244140625
0,NVDA,2022-01-31,244.63124084472656
1,NVDA,2022-02-01,246.1498260498047
2,NVDA,2022-02-02,252.1842041015625
3,NVDA,2022-02-03,239.2562713623047
4,NVDA,2022-02-04,242.96279907226562
5,NVDA,2022-02-07,247.0489959716797
6,NVDA,2022-02-08,250.84544372558594
7,NVDA,2022-02-09,266.8005065917969
8,NVDA,2022-02-10,257.9987487792969
9,NVDA,2022-02-11,239.26626586914062
10,NVDA,2022-02-14,242.44329833984375
11,NVDA,2022-02-15,264.7024841308594
12,NVDA,2022-02-16,264.8623046875
13,NVDA,2022-02-17,244.841064453125
14,NVDA,2022-02-18,236.19912719726562
15,NVDA,2022-02-22,233.6814727783203
16,NVDA,2022-02-23,223.6608428955078
17,NVDA,2022-02-24,237.25814819335938
18,NVDA,2022-02-25,241.34432983398438
19,NVDA,2022-02-28,243.6221923828125
20,NVDA,2022-03-01,234.55067443847656
21,NVDA,2022-03-02,242.01495361328125
22,NVDA,2022-03-03,236.9588165283203
23,NVDA,2022-03-04,229.1847686767578
24,NVDA,2022-03-07,213.35687255859375
25,NVDA,2022-03-08,214.9756317138672
26,NVDA,2022-03-09,229.96417236328125
27,NVDA,2022-03-10,226.4069061279297
28,NVDA,2022-03-11,220.83114624023438
29,NVDA,2022-03-14,213.13702392578125
30,NVDA,2022-03-15,229.5544891357422
31,NVDA,2022-03-16,244.77285766601562
32,NVDA,2022-03-17,247.47080993652344
33,NVDA,2022-03-18,264.327880859375
34,NVDA,2022-03-21,267.1357421875
35,NVDA,2022-03-22,265.037353515625
36,NVDA,2022-03-23,256.1441650390625
37,NVDA,2022-03-24,281.284912109375
38,NVDA,2022-03-25,276.7084655761719
39,NVDA,2022-03-28,281.97442626953125
40,NVDA,2022-03-29,286.341064453125
41,NVDA,2022-03-30,276.6884460449219
42,NVDA,2022-03-31,272.6515197753906
43,NVDA,2022-04-01,266.9159240722656
44,NVDA,2022-04-04,273.3909606933594
45,NVDA,2022-04-05,259.11187744140625
46,NVDA,2022-04-06,243.88352966308594
47,NVDA,2022-04-07,241.89505004882812
48,NVDA,2022-04-08,231.0133819580078
49,NVDA,2022-04-11,219.00254821777344
50,NVDA,2022-04-12,214.8756866455078
51,NVDA,2022-04-13,221.86036682128906
52,NVDA,2022-04-14,212.41758728027344
53,NVDA,2022-04-18,217.66358947753906
54,NVDA,2022-04-19,221.81039428710938
55,NVDA,2022-04-20,214.6558837890625
56,NVDA,2022-04-21,201.67579650878906
57,NVDA,2022-04-22,195.0009002685547
58,NVDA,2022-04-25,198.86795043945312
59,NVDA,2022-04-26,187.73646545410156
60,NVDA,2022-04-27,184.00930786132812
61,NVDA,2022-04-28,197.6688690185547
62,NVDA,2022-04-29,185.32830810546875
63,NVDA,2022-05-02,195.18077087402344
64,NVDA,2022-05-03,195.87025451660156
65,NVDA,2022-05-04,203.18463134765625
66,NVDA,2022-05-05,188.29603576660156
67,NVDA,2022-05-06,186.60731506347656
68,NVDA,2022-05-09,169.37049865722656
69,NVDA,2022-05-10,175.81556701660156
70,NVDA,2022-05-11,166.17294311523438
71,NVDA,2022-05-12,161.6264190673828
72,NVDA,2022-05-13,176.92471313476562
73,NVDA,2022-05-16,172.5081024169922
74,NVDA,2022-05-17,181.63113403320312
75,NVDA,2022-05-18,169.2506103515625
76,NVDA,2022-05-19,171.1091766357422
77,NVDA,2022-05-20,166.8124542236328
78,NVDA,2022-05-23,168.85089111328125
79,NVDA,2022-05-24,161.41656494140625
80,NVDA,2022-05-25,169.6203155517578
81,NVDA,2022-05-26,178.37359619140625
82,NVDA,2022-05-27,187.96627807617188
83,NVDA,2022-05-31,186.5773468017578
84,NVDA,2022-06-01,183.06002807617188
85,NVDA,2022-06-02,195.7703094482422
86,NVDA,2022-06-03,187.05697631835938
87,NVDA,2022-06-06,187.7164764404297
88,NVDA,2022-06-07,189.11538696289062
89,NVDA,2022-06-08,186.3769073486328
90,NVDA,2022-06-09,180.38023376464844
91,NVDA,2022-06-10,169.64617919921875
92,NVDA,2022-06-13,156.38351440429688
93,NVDA,2022-06-14,158.27247619628906
94,NVDA,2022-06-15,165.17864990234375
95,NVDA,2022-06-16,155.9237518310547
96,NVDA,2022-06-17,158.71221923828125
97,NVDA,2022-06-21,165.5684356689453
98,NVDA,2022-06-22,163.50958251953125
99,NVDA,2022-06-23,162.16030883789062
100,NVDA,2022-06-24,171.1653289794922
101,NVDA,2022-06-27,168.5967559814453
102,NVDA,2022-06-28,159.73165893554688
103,NVDA,2022-06-29,155.33409118652344
104,NVDA,2022-06-30,151.50619506835938
105,NVDA,2022-07-01,145.14971923828125
106,NVDA,2022-07-05,149.55728149414062
107,NVDA,2022-07-06,151.21636962890625
108,NVDA,2022-07-07,158.49234008789062
109,NVDA,2022-07-08,158.29244995117188
110,NVDA,2022-07-11,151.43624877929688
111,NVDA,2022-07-12,150.73663330078125
112,NVDA,2022-07-13,151.55618286132812
113,NVDA,2022-07-14,153.63502502441406
114,NVDA,2022-07-15,157.53286743164062
115,NVDA,2022-07-18,160.92098999023438
116,NVDA,2022-07-19,169.82608032226562
117,NVDA,2022-07-20,177.97157287597656
118,NVDA,2022-07-21,180.40023803710938
119,NVDA,2022-07-22,173.09426879882812
120,NVDA,2022-07-25,170.14588928222656
121,NVDA,2022-07-26,165.23861694335938
122,NVDA,2022-07-27,177.80165100097656
123,NVDA,2022-07-28,179.7406005859375
124,NVDA,2022-07-29,181.5296173095703
125,NVDA,2022-08-01,184.30807495117188
126,NVDA,2022-08-02,185.1575927734375
127,NVDA,2022-08-03,188.8255615234375
128,NVDA,2022-08-04,192.0437774658203
129,NVDA,2022-08-05,189.7850341796875
130,NVDA,2022-08-08,177.83164978027344
131,NVDA,2022-08-09,170.7655487060547
132,NVDA,2022-08-10,180.86997985839844
133,NVDA,2022-08-11,179.32083129882812
134,NVDA,2022-08-12,186.98658752441406
135,NVDA,2022-08-15,190.21481323242188
136,NVDA,2022-08-16,188.68563842773438
137,NVDA,2022-08-17,183.2486572265625
138,NVDA,2022-08-18,187.626220703125
139,NVDA,2022-08-19,178.39134216308594
140,NVDA,2022-08-22,170.245849609375
141,NVDA,2022-08-23,171.71502685546875
142,NVDA,2022-08-24,172.1248016357422
143,NVDA,2022-08-25,179.03097534179688
144,NVDA,2022-08-26,162.5101318359375
145,NVDA,2022-08-29,157.9226531982422
146,NVDA,2022-08-30,154.594482421875
147,NVDA,2022-08-31,150.8565673828125
148,NVDA,2022-09-01,139.29295349121094
149,NVDA,2022-09-02,136.3945770263672
150,NVDA,2022-09-06,134.5755615234375
151,NVDA,2022-09-07,137.10491943359375
152,NVDA,2022-09-08,139.8642120361328
153,NVDA,2022-09-09,143.83319091796875
154,NVDA,2022-09-12,145.01290893554688
155,NVDA,2022-09-13,131.2764129638672
156,NVDA,2022-09-14,131.24642944335938
157,NVDA,2022-09-15,129.25692749023438
158,NVDA,2022-09-16,131.9462432861328
159,NVDA,2022-09-19,133.78578186035156
160,NVDA,2022-09-20,131.72628784179688
161,NVDA,2022-09-21,132.57608032226562
162,NVDA,2022-09-22,125.57787322998047
163,NVDA,2022-09-23,125.12799072265625
164,NVDA,2022-09-26,122.24872589111328
165,NVDA,2022-09-27,124.09825134277344
166,NVDA,2022-09-28,127.32742309570312
167,NVDA,2022-09-29,122.16873931884766
168,NVDA,2022-09-30,121.35895538330078
169,NVDA,2022-10-03,125.08800506591797
170,NVDA,2022-10-04,131.63632202148438
171,NVDA,2022-10-05,132.05621337890625
172,NVDA,2022-10-06,131.26641845703125
173,NVDA,2022-10-07,120.72911834716797
174,NVDA,2022-10-10,116.67015075683594
175,NVDA,2022-10-11,115.83036804199219
176,NVDA,2022-10-12,114.97058868408203
177,NVDA,2022-10-13,119.56941223144531
178,NVDA,2022-10-14,112.24127960205078
179,NVDA,2022-10-17,118.84959411621094
180,NVDA,2022-10-18,119.63938903808594
181,NVDA,2022-10-19,120.47917938232422
182,NVDA,2022-10-20,121.9088134765625
183,NVDA,2022-10-21,124.62812042236328
184,NVDA,2022-10-24,125.95777130126953
185,NVDA,2022-10-25,132.57608032226562
186,NVDA,2022-10-26,128.92701721191406
187,NVDA,2022-10-27,131.72628784179688
188,NVDA,2022-10-28,138.3046112060547
189,NVDA,2022-10-31,134.93548583984375
190,NVDA,2022-11-01,135.39535522460938
191,NVDA,2022-11-02,132.15618896484375
192,NVDA,2022-11-03,134.17567443847656
193,NVDA,2022-11-04,141.52378845214844
194,NVDA,2022-11-07,142.97341918945312
195,NVDA,2022-11-08,145.98265075683594
196,NVDA,2022-11-09,137.72476196289062
197,NVDA,2022-11-10,157.459716796875
198,NVDA,2022-11-11,163.22824096679688
199,NVDA,2022-11-14,162.9083251953125
200,NVDA,2022-11-15,166.61737060546875
201,NVDA,2022-11-16,159.05931091308594
202,NVDA,2022-11-17,156.7299041748047
203,NVDA,2022-11-18,154.0505828857422
0,JPM,2022-01-31,144.91673278808594
1,JPM,2022-02-01,147.40350341796875
2,JPM,2022-02-02,146.2235107421875
3,JPM,2022-02-03,145.01422119140625
4,JPM,2022-02-04,148.77854919433594
5,JPM,2022-02-07,149.2759246826172
6,JPM,2022-02-08,152.08453369140625
7,JPM,2022-02-09,152.7184295654297
8,JPM,2022-02-10,152.08453369140625
9,JPM,2022-02-11,150.10484313964844
10,JPM,2022-02-14,148.71029663085938
11,JPM,2022-02-15,150.885009765625
12,JPM,2022-02-16,151.1580810546875
13,JPM,2022-02-17,147.6765594482422
14,JPM,2022-02-18,148.3689727783203
15,JPM,2022-02-22,148.1056671142578
16,JPM,2022-02-23,145.00448608398438
17,JPM,2022-02-24,140.96710205078125
18,JPM,2022-02-25,144.3023223876953
19,JPM,2022-02-28,138.28526306152344
20,JPM,2022-03-01,133.06787109375
21,JPM,2022-03-02,135.8277130126953
22,JPM,2022-03-03,134.8622589111328
23,JPM,2022-03-04,131.06866455078125
24,JPM,2022-03-07,126.00733184814453
25,JPM,2022-03-08,125.11988067626953
26,JPM,2022-03-09,130.1324920654297
27,JPM,2022-03-10,128.59164428710938
28,JPM,2022-03-11,125.69525146484375
29,JPM,2022-03-14,126.94351959228516
30,JPM,2022-03-15,129.19627380371094
31,JPM,2022-03-16,134.9695281982422
32,JPM,2022-03-17,136.6761474609375
33,JPM,2022-03-18,136.6273956298828
34,JPM,2022-03-21,136.1885528564453
35,JPM,2022-03-22,139.08493041992188
36,JPM,2022-03-23,136.31532287597656
37,JPM,2022-03-24,137.20277404785156
38,JPM,2022-03-25,138.40228271484375
39,JPM,2022-03-28,137.37831115722656
40,JPM,2022-03-29,137.6806182861328
41,JPM,2022-03-30,137.05648803710938
42,JPM,2022-03-31,132.9410858154297
43,JPM,2022-04-01,131.95611572265625
44,JPM,2022-04-04,132.541259765625
45,JPM,2022-04-05,130.9988250732422
46,JPM,2022-04-06,129.1813201904297
47,JPM,2022-04-07,128.78831481933594
48,JPM,2022-04-08,131.1461944580078
49,JPM,2022-04-11,130.664794921875
50,JPM,2022-04-12,129.2304229736328
51,JPM,2022-04-13,125.06487274169922
52,JPM,2022-04-14,123.90559387207031
53,JPM,2022-04-18,126.20450592041016
54,JPM,2022-04-19,128.8177947998047
55,JPM,2022-04-20,129.2697296142578
56,JPM,2022-04-21,128.26763916015625
57,JPM,2022-04-22,124.5834732055664
58,JPM,2022-04-25,124.54418182373047
59,JPM,2022-04-26,120.86001586914062
60,JPM,2022-04-27,119.2881088256836
61,JPM,2022-04-28,121.17440032958984
62,JPM,2022-04-29,117.26428985595703
63,JPM,2022-05-02,118.33514404296875
64,JPM,2022-05-03,120.86984252929688
65,JPM,2022-05-04,124.86837768554688
66,JPM,2022-05-05,121.74421691894531
67,JPM,2022-05-06,121.5477294921875
68,JPM,2022-05-09,119.72038269042969
69,JPM,2022-05-10,116.80253601074219
70,JPM,2022-05-11,116.06570434570312
71,JPM,2022-05-12,115.96746063232422
72,JPM,2022-05-13,116.9990234375
73,JPM,2022-05-16,116.18360137939453
74,JPM,2022-05-17,120.03477478027344
75,JPM,2022-05-18,117.9814682006836
76,JPM,2022-05-19,116.23271179199219
77,JPM,2022-05-20,115.27974700927734
78,JPM,2022-05-23,122.41227722167969
79,JPM,2022-05-24,124.1413803100586
80,JPM,2022-05-25,125.00592041015625
81,JPM,2022-05-26,127.16730499267578
82,JPM,2022-05-27,128.96517944335938
83,JPM,2022-05-31,129.90830993652344
84,JPM,2022-06-01,127.62904357910156
85,JPM,2022-06-02,129.68235778808594
86,JPM,2022-06-03,127.87466430664062
87,JPM,2022-06-06,127.45220184326172
88,JPM,2022-06-07,127.7862548828125
89,JPM,2022-06-08,125.75257873535156
90,JPM,2022-06-09,123.10980987548828
91,JPM,2022-06-10,117.4509506225586
92,JPM,2022-06-13,113.95344543457031
93,JPM,2022-06-14,112.05734252929688
94,JPM,2022-06-15,113.38363647460938
95,JPM,2022-06-16,111.43840789794922
96,JPM,2022-06-17,111.04541778564453
97,JPM,2022-06-21,113.7962646484375
98,JPM,2022-06-22,113.15766906738281
99,JPM,2022-06-23,111.91979217529297
100,JPM,2022-06-24,115.26010131835938
101,JPM,2022-06-27,114.33660125732422
102,JPM,2022-06-28,113.78643798828125
103,JPM,2022-06-29,113.27556610107422
104,JPM,2022-06-30,110.63279724121094
105,JPM,2022-07-01,112.04751586914062
106,JPM,2022-07-05,111.62133026123047
107,JPM,2022-07-06,110.8978042602539
108,JPM,2022-07-07,113.70270538330078
109,JPM,2022-07-08,113.34590148925781
110,JPM,2022-07-11,111.85919952392578
111,JPM,2022-07-12,111.96822357177734
112,JPM,2022-07-13,110.9176254272461
113,JPM,2022-07-14,107.04229736328125
114,JPM,2022-07-15,111.94840240478516
115,JPM,2022-07-18,110.79869079589844
116,JPM,2022-07-19,113.54412078857422
117,JPM,2022-07-20,113.52430725097656
118,JPM,2022-07-21,114.2973861694336
119,JPM,2022-07-22,113.74235534667969
120,JPM,2022-07-25,114.19827270507812
121,JPM,2022-07-26,112.41423034667969
122,JPM,2022-07-27,114.21809387207031
123,JPM,2022-07-28,113.79190826416016
124,JPM,2022-07-29,114.33702850341797
125,JPM,2022-08-01,113.19722747802734
126,JPM,2022-08-02,111.43301391601562
127,JPM,2022-08-03,112.60254669189453
128,JPM,2022-08-04,111.36363220214844
129,JPM,2022-08-05,114.73348999023438
130,JPM,2022-08-08,113.33598327636719
131,JPM,2022-08-09,114.35684967041016
132,JPM,2022-08-10,117.34016418457031
133,JPM,2022-08-11,119.07464599609375
134,JPM,2022-08-12,121.0469970703125
135,JPM,2022-08-15,121.37406921386719
136,JPM,2022-08-16,122.53369140625
137,JPM,2022-08-17,121.50291442871094
138,JPM,2022-08-18,120.56134033203125
139,JPM,2022-08-19,117.57803344726562
140,JPM,2022-08-22,115.63541412353516
141,JPM,2022-08-23,114.49560546875
142,JPM,2022-08-24,114.77313232421875
143,JPM,2022-08-25,117.49874877929688
144,JPM,2022-08-26,113.65314483642578
145,JPM,2022-08-29,113.3756332397461
146,JPM,2022-08-30,113.39546203613281
147,JPM,2022-08-31,112.72148895263672
148,JPM,2022-09-01,113.49456787109375
149,JPM,2022-09-02,112.70166015625
150,JPM,2022-09-06,112.73139190673828
151,JPM,2022-09-07,114.87224578857422
152,JPM,2022-09-08,117.54830169677734
153,JPM,2022-09-09,118.11324310302734
154,JPM,2022-09-12,119.5107421875
155,JPM,2022-09-13,115.35789489746094
156,JPM,2022-09-14,115.09029388427734
157,JPM,2022-09-15,116.82477569580078
158,JPM,2022-09-16,116.04177856445312
159,JPM,2022-09-19,117.1122055053711
160,JPM,2022-09-20,114.80286407470703
161,JPM,2022-09-21,111.49247741699219
162,JPM,2022-09-22,110.22383117675781
163,JPM,2022-09-23,108.17218780517578
164,JPM,2022-09-26,105.84302520751953
165,JPM,2022-09-27,104.91136169433594
166,JPM,2022-09-28,107.03238677978516
167,JPM,2022-09-29,105.21862030029297
168,JPM,2022-09-30,103.57333374023438
169,JPM,2022-10-03,106.77469635009766
170,JPM,2022-10-04,111.7699966430664
171,JPM,2022-10-05,110.38999938964844
172,JPM,2022-10-06,108.13999938964844
173,JPM,2022-10-07,105.9800033569336
174,JPM,2022-10-10,104.98999786376953
175,JPM,2022-10-11,101.95999908447266
176,JPM,2022-10-12,103.61000061035156
177,JPM,2022-10-13,109.37000274658203
178,JPM,2022-10-14,111.19000244140625
179,JPM,2022-10-17,115.86000061035156
180,JPM,2022-10-18,118.83999633789062
181,JPM,2022-10-19,116.51000213623047
182,JPM,2022-10-20,116.12999725341797
183,JPM,2022-10-21,122.2300033569336
184,JPM,2022-10-24,122.37999725341797
185,JPM,2022-10-25,122.69999694824219
186,JPM,2022-10-26,124.11000061035156
187,JPM,2022-10-27,124.5999984741211
188,JPM,2022-10-28,126.08000183105469
189,JPM,2022-10-31,125.87999725341797
190,JPM,2022-11-01,128.14999389648438
191,JPM,2022-11-02,126.97000122070312
192,JPM,2022-11-03,127.19999694824219
193,JPM,2022-11-04,130.67999267578125
194,JPM,2022-11-07,131.3699951171875
195,JPM,2022-11-08,131.4499969482422
196,JPM,2022-11-09,129.74000549316406
197,JPM,2022-11-10,135.0800018310547
198,JPM,2022-11-11,135.3000030517578
199,JPM,2022-11-14,133.91000366210938
200,JPM,2022-11-15,132.94000244140625
201,JPM,2022-11-16,133.1199951171875
202,JPM,2022-11-17,132.5399932861328
203,JPM,2022-11-18,133.83999633789062
